repo,stars,new-stars-last-30d,new-stars-last-14d,new-stars-last-7d,new-stars-last-24H,stars-per-mille-30d,days-last-star,days-last-commit,days-since-creation,mentionable-users,language,archived,dependencies,main-category,sub-category,liveness,unique-contributors,new-commits-last-30d
alacritty/alacritty,54108,1019,442,226,27,18.833,0,7,3041,425,Rust,false,0,Applications,,87.000,5,6
cch123/asm-cli-rust,304,4,3,2,1,13.158,0,26,1976,5,Rust,false,9,Applications,,34.000,2,2
cloudflare/boringtun,5904,50,19,7,1,8.469,0,235,2073,87,Rust,false,0,Applications,,35.000,0,0
apache/datafusion,5380,191,103,67,4,35.502,0,0,1155,598,Rust,false,53,Applications,,100.000,59,209
defguard/defguard,718,46,18,8,0,64.067,1,18,605,9,TypeScript,false,0,Applications,,35.000,1,1
denoland/deno,93256,371,169,76,5,3.978,0,1,2224,927,Rust,false,140,Applications,,100.000,35,176
doprz/dipc,171,6,2,2,1,35.088,0,312,427,4,Rust,false,9,Applications,,22.000,0,0
EasyTier/EasyTier,434,148,74,47,3,341.014,0,5,260,3,Rust,false,0,Applications,,96.000,2,18
snowplow/factotum,220,2,1,1,0,9.091,3,1224,3032,41,Rust,false,17,Applications,,12.000,0,0
fcsonline/drill,2005,29,12,3,0,14.464,2,299,2585,25,Rust,false,18,Applications,,25.000,0,0
printfn/fend,577,42,21,14,1,72.790,0,1,1415,26,Rust,false,1,Applications,,82.000,1,4
fractalide/fractalide,856,0,0,0,0,0.000,31,1885,3114,13,Racket,false,0,Applications,,0.000,0,0
habitat-sh/habitat,2582,13,6,1,0,5.035,5,3,3312,180,Rust,false,0,Applications,,61.000,4,70
imjacobclark/Herd,110,1,0,0,0,9.091,22,478,3303,3,Rust,false,7,Applications,,2.000,0,0
tonarino/innernet,4872,24,14,6,0,4.926,1,53,1174,31,Rust,false,0,Applications,,31.000,0,0
awslabs/flowgger,817,8,2,1,0,9.792,2,23,3233,23,Rust,false,16,Applications,,24.000,3,5
PaddiM8/kalker,1578,24,10,6,1,15.209,0,25,1472,21,Rust,false,0,Applications,,47.000,2,2
hcavarsan/kftray,602,163,109,43,3,270.764,0,1,203,4,Rust,false,0,Applications,,100.000,4,45
changlan/kytan,467,5,0,0,0,10.707,18,268,3063,6,Rust,false,13,Applications,,4.000,0,0
linkerd/linkerd2-proxy,1947,18,10,9,2,9.245,0,1,2170,57,Rust,false,0,Applications,,81.000,4,44
rust-lang/mdBook,17074,248,120,71,12,14.525,0,3,3267,312,Rust,false,28,Applications,,94.000,1,2
metalbear-co/mirrord,3485,68,30,8,3,19.512,0,1,865,30,Rust,false,40,Applications,,90.000,6,44
nicohman/eidolon,125,0,0,0,0,0.000,90,1700,2400,3,Rust,false,10,Applications,,0.000,0,0
withoutboats/notty,2294,5,1,1,0,2.180,1,2637,3135,13,Rust,false,5,Applications,,12.000,0,0
sebadob/rauthy,216,27,19,9,2,125.000,0,1,351,6,Rust,false,76,Applications,,85.000,1,168
raphamorim/rio,3156,210,160,85,3,66.540,0,3,619,51,Rust,false,29,Applications,,100.000,5,106
cloudhead/rx,3052,26,12,7,2,8.519,0,349,1767,17,Rust,false,19,Applications,,35.000,0,0
servo/servo,26346,213,105,47,5,8.085,0,0,4511,1190,HTML,false,0,Applications,,100.000,21,151
cfal/shoes,173,9,4,2,1,52.023,0,0,868,1,Rust,false,30,Applications,,72.000,1,1
shuttle-hq/shuttle,5727,109,55,31,3,19.033,0,1,847,103,Rust,false,76,Applications,,100.000,4,26
GyulyVGC/sniffnet,14218,246,124,58,6,17.302,0,0,685,39,Rust,false,18,Applications,,100.000,3,32
swc-project/swc,30287,217,108,54,13,7.165,0,0,2367,271,Rust,false,99,Applications,,100.000,5,195
osa1/tiny,981,11,7,3,0,11.213,1,43,3084,19,Rust,false,0,Applications,,27.000,0,0
upvpn/upvpn-app,155,9,5,1,0,58.065,5,3,367,1,Rust,false,0,Applications,,42.000,1,1
wasmerio/wasmer,18101,174,81,39,5,9.613,0,1,2074,179,Rust,false,28,Applications,,100.000,11,242
serayuzgur/weld,295,5,2,2,1,16.949,0,191,2634,4,Rust,false,13,Applications,,22.000,0,0
wez/wezterm,14666,673,286,142,19,45.888,0,0,2321,284,Rust,false,0,Applications,,100.000,9,25
wasmerio/winterjs,2897,87,35,23,0,30.031,1,4,268,80,JavaScript,false,1,Applications,,76.000,2,16
zellij-org/zellij,19027,1002,417,171,16,52.662,0,1,1383,138,Rust,false,8,Applications,,100.000,4,13
kimono-koans/dano,132,3,0,0,0,22.727,17,60,670,1,Rust,false,10,Applications,Audio and Music,4.000,0,0
DasEtwas/enginesound,290,4,1,0,0,13.793,9,497,1882,2,Rust,false,21,Applications,Audio and Music,7.000,0,0
hinto-janai/festival,258,8,4,0,0,31.008,7,80,450,1,Rust,false,30,Applications,Audio and Music,7.000,0,0
chaosprint/glicol,2050,45,24,7,2,21.951,0,47,1433,5,Rust,false,0,Applications,Audio and Music,46.000,0,0
hrkfdn/ncspot,4747,82,40,13,1,17.274,0,5,2044,80,Rust,false,34,Applications,Audio and Music,82.000,3,5
madeofpendletonwool/PinePods,149,29,5,1,0,194.631,6,8,652,5,Rust,false,0,Applications,Audio and Music,50.000,3,40
agersant/polaris,1394,15,7,2,1,10.760,0,37,2862,16,Rust,false,36,Applications,Audio and Music,37.000,0,0
aome510/spotify-player,1356,92,46,23,3,67.847,0,14,1074,44,Rust,false,0,Applications,Audio and Music,62.000,2,3
Spotifyd/spotifyd,9629,55,22,9,0,5.712,2,33,3475,114,Rust,false,0,Applications,Audio and Music,36.000,0,0
tramhao/termusic,926,55,42,14,0,59.395,2,3,1110,16,Rust,false,74,Applications,Audio and Music,80.000,2,101
sergree/whatbpm,66,1,0,0,0,15.152,25,400,586,1,Rust,false,11,Applications,Audio and Music,2.000,0,0
paradigmxyz/artemis,2132,34,19,9,1,15.947,0,255,417,29,Rust,false,2,Applications,Blockchain,35.000,0,0
eigerco/beerus,238,10,5,0,0,42.017,8,1,584,42,Rust,false,8,Applications,Blockchain,53.000,4,18
starkware-libs/cairo,1448,47,29,9,1,32.459,0,0,758,169,Rust,false,59,Applications,Blockchain,100.000,22,197
lambdaclass/cairo-vm,484,11,6,1,0,22.727,5,3,781,71,Rust,false,33,Applications,Blockchain,57.000,3,18
chainx-org/ChainX,321,2,0,0,0,6.231,22,101,2074,14,Rust,false,1,Applications,Blockchain,4.000,0,0
citahub/cita,1309,2,1,1,0,1.528,3,1248,2522,54,Rust,false,0,Applications,Blockchain,12.000,0,0
inv2004/coinbase-pro-rs,144,1,1,1,0,6.944,4,652,2126,19,Rust,false,17,Applications,Blockchain,10.000,0,0
diem/diem,16713,14,7,2,0,0.838,1,361,1901,188,Rust,false,0,Applications,Blockchain,21.000,0,0
romanz/electrs,1010,30,15,7,2,29.703,0,5,2260,55,Rust,false,18,Applications,Blockchain,67.000,3,5
rust-ethereum/ethabi,509,5,3,0,0,9.823,8,325,2966,55,Rust,false,0,Applications,Blockchain,7.000,0,0
Limeth/ethaddrgen,174,1,1,1,0,5.747,3,1834,2571,1,Rust,false,11,Applications,Blockchain,10.000,0,0
gakonst/ethers-rs,2419,32,13,9,2,13.229,0,2,1483,266,Rust,false,57,Applications,Blockchain,77.000,1,2
quilt/etk,348,3,1,0,0,8.621,11,21,1223,10,Rust,false,0,Applications,Blockchain,19.000,2,4
ChainSafe/forest,611,10,8,5,0,16.367,3,0,1678,60,Rust,false,159,Applications,Blockchain,77.000,8,46
foundry-rs/foundry,7780,163,84,41,6,20.951,0,0,1011,390,Rust,false,104,Applications,Blockchain,100.000,23,124
holochain/holochain,1128,12,5,3,0,10.638,3,0,1615,45,Rust,false,0,Applications,Blockchain,76.000,6,104
hyperlane-xyz/hyperlane-monorepo,222,10,4,2,0,45.045,1,0,915,47,Rust,false,0,Applications,Blockchain,72.000,18,55
informalsystems/hermes,427,4,4,0,0,9.368,8,1,1573,131,Rust,false,92,Applications,Blockchain,57.000,7,27
interlay/interbtc,244,1,1,1,0,4.098,3,16,1537,16,Rust,false,0,Applications,Blockchain,22.000,2,3
Joystream/joystream,1423,3,2,1,0,2.108,2,1,1926,58,Rust,false,0,Applications,Blockchain,54.000,1,2
sigp/lighthouse,2786,36,25,9,2,12.922,0,5,2171,185,Rust,false,138,Applications,Blockchain,80.000,11,39
keep-starknet-strange/madara,517,13,12,9,0,25.145,1,9,491,107,Rust,false,148,Applications,Blockchain,47.000,9,12
flashbots/mev-inspect-rs,542,5,2,1,0,9.225,1,1056,1315,10,Rust,false,16,Applications,Blockchain,12.000,0,0
near/nearcore,2294,21,9,3,0,9.154,1,1,2083,166,Rust,false,248,Applications,Blockchain,75.000,26,171
nervosnetwork/ckb,1129,8,2,2,0,7.086,1,2,2035,53,Rust,false,5,Applications,Blockchain,58.000,6,12
gakonst/opensea-rs,241,0,0,0,0,0.000,47,1020,1037,3,Rust,false,0,Applications,Blockchain,0.000,0,0
paritytech/parity-bitcoin,727,0,0,0,0,0.000,33,926,2861,50,Rust,false,20,Applications,Blockchain,0.000,0,0
Phala-Network/phala-blockchain,330,4,3,3,2,12.121,0,16,1621,35,Rust,false,0,Applications,Blockchain,42.000,1,21
paritytech/polkadot-sdk,1585,110,58,33,5,69.401,0,1,316,289,Rust,false,13,Applications,Blockchain,100.000,44,119
bluealloy/revm,1449,46,24,12,2,31.746,0,0,990,119,Rust,false,0,Applications,Blockchain,100.000,16,56
rust-bitcoin/rust-bitcoin,1953,47,21,11,1,24.066,0,0,3620,135,Rust,false,0,Applications,Blockchain,100.000,11,145
ergoplatform/sigma-rust,69,0,0,0,0,0.000,119,7,1536,30,Rust,false,48,Applications,Blockchain,22.000,2,7
solana-labs/solana,12563,204,105,45,6,16.238,0,85,2314,498,Rust,false,293,Applications,Blockchain,62.000,0,0
subspace/subspace,362,8,3,1,0,22.099,4,1,1028,35,Rust,false,0,Applications,Blockchain,62.000,8,169
MystenLabs/sui,5821,66,29,11,3,11.338,0,0,950,332,Rust,false,351,Applications,Blockchain,100.000,62,367
alloy-rs/svm-rs,235,6,3,2,0,25.532,2,22,1008,18,Rust,false,6,Applications,Blockchain,24.000,2,5
informalsystems/tendermint-rs,584,9,2,1,0,15.411,2,15,1790,121,Rust,false,0,Applications,Blockchain,28.000,8,12
zcash/zcash,4922,17,7,2,0,3.454,3,2,3494,494,C++,false,0,Applications,Blockchain,71.000,5,26
cozodb/cozo,3211,73,47,7,1,22.734,0,4,610,15,Rust,false,0,Applications,Database,82.000,1,2
datafuselabs/databend,7371,110,68,49,2,14.923,0,0,1345,186,Rust,false,191,Applications,Database,100.000,23,178
dbpunk-labs/db3,344,4,0,0,0,11.628,17,37,814,11,Rust,false,7,Applications,Database,10.000,0,0
erikgrinaker/toydb,5942,43,28,19,10,7.237,0,2,1875,8,Rust,false,20,Applications,Database,92.000,1,71
KipData/FnckSQL,511,13,5,2,0,25.440,1,48,377,13,Rust,false,33,Applications,Database,22.000,0,0
lucid-kv/lucid,371,2,1,0,0,5.391,12,687,1785,5,Rust,false,23,Applications,Database,7.000,0,0
MaterializeInc/materialize,5631,38,19,8,1,6.748,0,0,1940,133,Rust,false,0,Applications,Database,95.000,35,821
neondatabase/neon,13041,614,159,66,7,47.082,0,1,1177,108,Rust,false,182,Applications,Database,100.000,28,185
paritytech/parity-db,263,6,2,1,0,22.814,4,43,1538,41,Rust,false,13,Applications,Database,18.000,0,0
PumpkinDB/PumpkinDB,1372,2,1,0,0,1.458,7,2497,2691,10,Rust,false,0,Applications,Database,7.000,0,0
qdrant/qdrant,18551,410,149,64,8,22.101,0,4,1477,111,Rust,false,68,Applications,Database,100.000,15,172
RisingWaveLabs/risingwave,6488,113,69,32,2,17.417,0,1,869,157,Rust,false,109,Applications,Database,100.000,34,242
seppo0010/rsedis,1761,6,2,2,1,3.407,0,375,3354,9,Rust,false,9,Applications,Database,22.000,0,0
skytable/skytable,2320,21,12,7,2,9.052,0,14,1446,9,Rust,false,0,Applications,Database,51.000,1,14
orbitinghail/sqlsync,2063,329,308,304,21,159.476,0,96,386,2,Rust,false,28,Applications,Database,65.000,0,0
surrealdb/surrealdb,25936,314,175,97,10,12.107,0,1,919,107,Rust,false,42,Applications,Database,100.000,11,49
terminusdb/terminusdb-store,359,3,2,1,0,8.357,2,96,1789,12,Rust,false,26,Applications,Database,12.000,0,0
tikv/tikv,14668,113,59,29,8,7.704,0,1,3090,423,Rust,false,156,Applications,Database,100.000,18,33
unum-cloud/usearch,1819,83,43,18,1,45.629,0,47,479,37,C++,false,0,Applications,Database,56.000,0,0
naomijub/wooridb,131,0,0,0,0,0.000,31,356,1238,5,Rust,false,0,Applications,Database,0.000,0,0
ColinEberhardt/wasm-rust-chip8,256,0,0,0,0,0.000,52,1853,2381,5,Rust,false,0,Applications,Emulators,0.000,0,0
starrhorne/chip8-rust,140,1,1,1,0,7.143,4,2537,2537,1,Rust,false,2,Applications,Emulators,10.000,0,0
kondrak/rust64,256,1,0,0,0,3.906,15,343,3214,4,Rust,false,6,Applications,Emulators,2.000,0,0
ruffle-rs/ruffle,14719,190,94,49,8,12.908,0,0,1878,170,Rust,false,26,Applications,Emulators,100.000,16,230
Gekkio/mooneye-gb,885,4,0,0,0,4.520,16,768,3467,6,Rust,false,15,Applications,Emulators,4.000,0,0
joamag/boytacean,613,5,1,1,0,8.157,1,7,579,1,Rust,false,3,Applications,Emulators,38.000,1,13
mohanson/gameboy,1340,10,7,6,1,7.463,0,160,1885,9,Rust,false,5,Applications,Emulators,27.000,0,0
mvdnes/rboy,577,2,1,0,0,3.466,13,64,3795,7,Rust,false,5,Applications,Emulators,7.000,0,0
michelhe/rustboyadvance-ng,585,3,1,0,0,5.128,10,125,1821,5,Rust,false,0,Applications,Emulators,7.000,0,0
OpenGMK/OpenGMK,263,5,0,0,0,19.011,15,37,1938,12,Rust,false,0,Applications,Emulators,10.000,0,0
dbalsom/martypc,492,15,9,7,0,30.488,3,6,755,4,Rust,false,27,Applications,Emulators,53.000,2,10
mohanson/i8080,108,0,0,0,0,0.000,54,160,1876,1,Rust,false,1,Applications,Emulators,0.000,0,0
touchHLE/touchHLE,2562,33,16,5,1,12.881,0,1,562,16,Rust,false,18,Applications,Emulators,77.000,1,10
daniel5151/clicky,156,3,1,0,0,19.231,11,18,1741,2,Rust,false,0,Applications,Emulators,19.000,2,10
koute/pinky,766,1,0,0,0,1.305,23,201,2792,4,Rust,false,0,Applications,Emulators,2.000,0,0
pcwalton/sprocketnes,748,0,0,0,0,0.000,48,1963,4262,9,Rust,false,4,Applications,Emulators,0.000,0,0
gopher64/gopher64,79,12,5,2,1,151.899,0,1,262,1,Rust,false,15,Applications,Emulators,72.000,2,14
kelpsyberry/dust,190,5,3,2,0,26.316,1,37,352,3,Rust,false,0,Applications,Emulators,18.000,0,0
obhq/obliteration,570,11,5,2,0,19.298,3,0,640,7,Rust,false,0,Applications,Emulators,68.000,2,9
rustzx/rustzx,195,4,1,0,0,20.513,9,420,3057,4,Rust,false,5,Applications,Emulators,7.000,0,0
Canop/broot,10276,115,51,29,1,11.191,0,9,2039,81,Rust,false,46,Applications,File manager,82.000,2,8
kamiyaa/joshuto,3319,44,25,11,2,13.257,0,27,2165,69,Rust,false,37,Applications,File manager,52.000,3,4
sayanarijit/xplr,4024,59,28,15,1,14.662,0,37,1207,33,Rust,false,28,Applications,File manager,46.000,0,0
sxyazi/yazi,9685,732,323,153,25,75.581,0,2,343,70,Rust,false,0,Applications,File manager,100.000,7,29
thomas-mauran/chess-tui,335,11,5,2,0,32.836,2,34,214,12,Rust,false,6,Applications,Games,22.000,0,0
citybound/citybound,7659,22,9,5,0,2.872,1,1303,2933,20,Rust,false,6,Applications,Games,25.000,0,0
cristicbz/rust-doom,2320,3,2,2,0,1.293,2,964,3558,11,Rust,false,8,Applications,Games,12.000,0,0
doukutsu-rs/doukutsu-rs,841,23,6,4,0,27.348,2,18,1398,18,Rust,false,34,Applications,Games,37.000,2,3
garkimasera/rusted-ruins,478,1,1,1,0,2.092,2,487,2303,5,Rust,false,0,Applications,Games,10.000,0,0
gorilla-devs/ferium,1050,15,9,6,0,14.286,1,4,1015,12,Rust,false,17,Applications,Games,53.000,1,10
lifthrasiir/angolmois-rust,100,0,0,0,0,0.000,162,3482,4038,3,Rust,false,3,Applications,Games,0.000,0,0
maras-archive/rsnake,128,2,1,1,0,15.625,3,280,1882,3,Rust,false,3,Applications,Games,12.000,0,0
mcthesw/game-save-manager,422,31,17,5,1,73.460,0,9,871,5,Vue,false,0,Applications,Games,61.000,1,16
mtkennerly/ludusavi,1992,111,55,21,1,55.723,0,0,1456,11,Rust,false,42,Applications,Games,100.000,1,40
ozkriff/zemeroth,1387,8,2,2,0,5.768,2,372,2530,14,Rust,false,14,Applications,Games,12.000,0,0
dpc/rhex,153,0,0,0,0,0.000,30,915,3411,9,Rust,false,11,Applications,Games,0.000,0,0
rsaarelm/magog,366,0,0,0,0,0.000,61,1015,4662,3,Rust,false,15,Applications,Games,0.000,0,0
SoftbearStudios/mk48,314,3,1,0,0,9.554,7,191,1134,7,Rust,false,0,Applications,Games,7.000,0,0
swatteau/sokoban-rs,151,1,1,0,0,6.623,12,1753,3214,3,Rust,false,4,Applications,Games,5.000,0,0
thetawavegame/thetawave-legacy,192,0,0,0,0,0.000,43,1059,1853,9,Rust,false,0,Applications,Games,0.000,0,0
Thinkofname/rust-quake,69,0,0,0,0,0.000,116,1781,2506,1,Rust,false,10,Applications,Games,0.000,0,0
ozkriff/zoc,374,1,1,0,0,2.674,7,1678,3404,7,Rust,false,11,Applications,Games,5.000,0,0
dps/rust-raytracer,234,6,5,4,0,25.641,2,893,905,1,Rust,false,0,Applications,Graphics,12.000,0,0
flxzt/rnote,6370,230,145,45,3,36.107,0,0,1045,133,Rust,false,65,Applications,Graphics,100.000,3,7
ivanceras/svgbob,3758,30,7,6,0,7.983,1,96,2806,15,Rust,false,0,Applications,Graphics,25.000,0,0
KaminariOS/rustracer,64,0,0,0,0,0.000,35,247,462,1,Rust,false,24,Applications,Graphics,0.000,0,0
Limeth/euclider,212,0,0,0,0,0.000,160,2017,2953,1,Rust,false,20,Applications,Graphics,0.000,0,0
RazrFalcon/resvg,2590,38,15,5,0,14.672,1,4,2788,54,Rust,false,0,Applications,Graphics,61.000,4,11
rodrigorc/papercraft,109,5,1,0,0,45.872,7,7,761,1,Rust,false,24,Applications,Graphics,29.000,1,6
rustq/vue-skia,253,2,2,0,0,7.905,7,49,532,5,Rust,false,3,Applications,Graphics,13.000,0,0
Twinklebear/tray_rust,513,1,1,1,0,1.949,3,1165,3461,4,Rust,false,16,Applications,Graphics,10.000,0,0
wahn/rs_pbrt,802,5,1,1,0,6.234,3,138,2733,3,Rust,false,22,Applications,Graphics,12.000,0,0
imager-io/imager,622,19,2,1,1,30.547,0,1323,1686,2,Rust,false,0,Applications,Image processing,26.000,0,0
locka99/opcua,467,9,6,4,0,19.272,2,12,2716,27,Rust,false,0,Applications,Industrial automation,37.000,1,1
slowtec/tokio-modbus,371,7,4,3,0,18.868,0,53,2429,26,Rust,false,12,Applications,Industrial automation,18.000,0,0
avito-tech/bioyino,225,0,0,0,0,0.000,73,491,2448,14,Rust,false,41,Applications,Observability,0.000,0,0
openobserve/openobserve,10076,309,187,119,9,30.667,0,1,500,52,Rust,false,118,Applications,Observability,100.000,16,120
quickwit-oss/quickwit,6795,594,301,96,9,87.417,0,1,1159,83,Rust,false,0,Applications,Observability,100.000,12,70
hubblo-org/scaphandre,1522,21,6,3,0,13.798,1,124,1338,24,Rust,false,21,Applications,Observability,25.000,0,0
vectordotdev/vector,16829,175,82,34,4,10.399,0,1,2119,445,Rust,false,168,Applications,Observability,100.000,18,101
0x59616e/SteinsOS,114,1,1,0,0,8.772,9,975,1009,1,Rust,false,0,Applications,Operating systems,5.000,0,0
Andy-Python-Programmer/aero,1102,9,4,2,0,8.167,4,57,1194,10,Rust,false,0,Applications,Operating systems,18.000,0,0
DragonOS-Community/DragonOS,809,45,15,3,0,55.624,2,11,882,56,Rust,false,0,Applications,Operating systems,47.000,5,7
thepowersgang/rust_os,706,3,2,0,0,4.249,7,74,3571,3,Rust,false,0,Applications,Operating systems,7.000,0,0
theseus-os/Theseus,2767,22,10,6,1,7.951,0,163,2521,38,Rust,false,0,Applications,Operating systems,35.000,0,0
tock/tock,5151,146,117,14,3,28.344,0,1,3306,182,Rust,false,0,Applications,Operating systems,100.000,11,92
juspay/hyperswitch,10933,459,344,308,5,41.983,0,1,607,192,Rust,false,1,Applications,Payments,100.000,39,193
ast-grep/ast-grep,6335,302,72,35,4,47.672,0,0,715,40,Rust,false,13,Applications,Productivity,100.000,4,99
espanso/espanso,9369,148,72,40,6,15.797,0,1,1751,29,Rust,false,18,Applications,Productivity,100.000,2,4
lakoliu/Furtherance,238,5,1,1,0,21.008,6,10,848,23,Rust,false,18,Applications,Productivity,34.000,1,4
lldap/lldap,3624,83,43,26,9,22.903,0,0,1201,98,Rust,false,0,Applications,Productivity,100.000,3,3
pier-cli/pier,512,7,4,2,1,13.672,0,33,1929,10,Rust,false,10,Applications,Productivity,28.000,0,0
holo-routing/holo,225,22,17,6,0,97.778,1,1,430,4,Rust,false,47,Applications,Routing protocols,71.000,1,12
osrg/rustybgp,465,1,0,0,0,2.151,25,351,1663,9,Rust,false,0,Applications,Routing protocols,2.000,0,0
AFLplusplus/LibAFL,1885,30,14,9,0,15.915,1,0,1332,192,Rust,false,0,Applications,Security tools,85.000,18,87
kongbytes/arp-scan-rs,79,5,2,1,0,63.291,5,154,1136,2,Rust,false,12,Applications,Security tools,12.000,0,0
blst-security/cherrybomb,1068,12,5,2,0,11.236,3,199,941,14,Rust,false,14,Applications,Security tools,16.000,0,0
replydev/cotp,214,7,0,0,0,32.710,15,5,1273,10,Rust,false,26,Applications,Security tools,40.000,3,13
epi052/feroxbuster,5471,126,70,48,4,23.031,0,50,1393,29,Rust,false,27,Applications,Security tools,66.000,0,0
inspektor-dev/inspektor,279,0,0,0,0,0.000,39,702,959,7,Rust,false,30,Applications,Security tools,0.000,0,0
kpcyrd/authoscope,388,2,0,0,0,5.155,27,814,2284,6,Rust,false,33,Applications,Security tools,4.000,0,0
kpcyrd/rshijack,448,12,4,2,1,26.786,0,126,2305,2,Rust,false,6,Applications,Security tools,26.000,0,0
kpcyrd/sn0int,1898,31,15,10,1,16.333,0,143,2081,10,Rust,false,52,Applications,Security tools,35.000,0,0
kpcyrd/sniffglue,1071,14,5,1,0,13.072,6,160,2468,11,Rust,false,26,Applications,Security tools,16.000,0,0
0x727/ObserverWard,1033,54,30,19,0,52.275,1,12,1029,5,Rust,false,0,Applications,Security tools,56.000,2,14
Raspirus/Raspirus,95,8,3,1,0,84.211,5,1,633,4,Rust,false,0,Applications,Security tools,62.000,3,58
RustScan/RustScan,13022,321,155,95,30,24.651,0,7,1435,60,Rust,false,22,Applications,Security tools,87.000,4,9
rustodon/rustodon,863,8,4,2,2,9.270,0,1606,2370,14,Rust,false,31,Applications,Social networks,22.000,0,0
imsnif/bandwhich,8972,261,82,38,4,29.091,0,14,1744,48,Rust,false,21,Applications,System tools,70.000,1,1
ClementTsang/bottom,9227,257,76,36,4,27.853,0,0,1753,54,Rust,false,27,Applications,System tools,100.000,1,7
brocode/fblog,396,3,2,0,0,7.576,11,14,2536,9,Rust,false,12,Applications,System tools,19.000,2,4
vrmiguel/bustd,211,2,2,1,1,9.479,0,229,1076,4,Rust,false,6,Applications,System tools,22.000,0,0
buster/rrun,113,0,0,0,0,0.000,90,2309,3504,3,Rust,false,9,Applications,System tools,0.000,0,0
cantino/mcfly,6739,68,22,12,0,10.091,1,15,2162,63,Rust,false,17,Applications,System tools,46.000,2,13
sstadick/crabz,316,1,1,0,0,3.165,8,87,1028,4,Rust,false,12,Applications,System tools,5.000,0,0
cristianoliveira/funzzy,222,1,0,0,0,4.505,14,33,3008,6,Rust,false,8,Applications,System tools,8.000,0,0
dalance/procs,4872,65,23,11,2,13.342,0,5,1965,41,Rust,false,18,Applications,System tools,76.000,3,18
darakian/ddh,440,3,2,2,1,6.818,0,580,2355,8,Rust,false,6,Applications,System tools,22.000,0,0
imsnif/diskonaut,2242,65,14,8,0,28.992,1,847,1575,20,Rust,false,8,Applications,System tools,25.000,0,0
bootandy/dust,7990,127,59,31,3,15.895,0,40,2283,47,Rust,false,16,Applications,System tools,66.000,0,0
eza-community/eza,8475,700,297,149,29,82.596,0,2,323,76,Rust,false,22,Applications,System tools,100.000,4,12
extrawurst/gitui,17702,570,119,53,4,32.200,0,1,1552,112,Rust,false,39,Applications,System tools,100.000,3,22
amrdeveloper/gql,3118,71,46,22,2,22.771,0,0,376,15,Rust,false,8,Applications,System tools,100.000,1,55
kimono-koans/httm,1222,12,5,1,0,9.820,3,23,831,3,Rust,false,21,Applications,System tools,26.000,1,1
j0ru/kickoff,349,21,18,3,0,60.172,1,4,1272,4,Rust,false,22,Applications,System tools,61.000,2,11
tbillington/kondo,1669,27,16,9,1,16.177,0,87,1602,31,Rust,false,0,Applications,System tools,35.000,0,0
ilya-zlobintsev/LACT,950,62,22,8,2,65.263,0,0,1337,18,Rust,false,9,Applications,System tools,92.000,1,10
lodosgroup/lpm,63,0,0,0,0,0.000,39,118,851,3,Rust,false,0,Applications,System tools,0.000,0,0
lotabout/skim,4912,55,28,9,0,11.197,1,408,2939,58,Rust,false,21,Applications,System tools,30.000,0,0
lsd-rs/lsd,12676,183,89,45,8,14.437,0,7,2030,149,Rust,false,0,Applications,System tools,84.000,2,2
Luminarys/synapse,850,1,0,0,0,1.176,14,381,2491,33,Rust,false,38,Applications,System tools,2.000,0,0
m4b/bingrep,1692,2,1,0,0,1.182,13,495,2666,7,Rust,false,12,Applications,System tools,7.000,0,0
mdgaziur/findex,543,7,3,0,0,12.891,10,10,958,8,Rust,false,0,Applications,System tools,29.000,1,2
mitnk/cicada,969,1,1,1,0,1.032,2,308,2655,8,Rust,false,16,Applications,System tools,10.000,0,0
mmstick/concurr,103,0,0,0,0,0.000,67,2178,2452,2,Rust,false,17,Applications,System tools,0.000,0,0
mmstick/fontfinder,276,0,0,0,0,0.000,39,428,2410,7,Rust,false,13,Applications,System tools,0.000,0,0
mmstick/tv-renamer,148,0,0,0,0,0.000,160,2558,2961,2,Rust,false,4,Applications,System tools,0.000,0,0
mxseev/logram,97,0,0,0,0,0.000,56,872,2414,4,Rust,false,16,Applications,System tools,0.000,0,0
Chleba/netscanner,710,23,10,6,0,32.394,2,17,188,6,Rust,false,37,Applications,System tools,37.000,2,7
nivekuil/rip,1308,22,9,4,1,16.820,0,1258,2846,6,Rust,false,4,Applications,System tools,35.000,0,0
nushell/nushell,30685,432,197,99,12,14.079,0,0,1863,621,Rust,false,130,Applications,System tools,100.000,22,107
orhun/kmon,2438,28,11,5,0,11.485,1,20,1684,15,Rust,false,8,Applications,System tools,37.000,2,4
orhun/systeroid,1232,11,4,1,0,8.929,6,11,972,6,Rust,false,2,Applications,System tools,38.000,2,3
ouch-org/ouch,2039,42,17,10,0,20.598,1,13,1184,28,Rust,false,24,Applications,System tools,47.000,1,3
pkolaczk/fclones,1784,37,16,6,2,20.740,0,41,1470,13,Rust,false,0,Applications,System tools,41.000,0,0
pop-os/popsicle,614,9,6,3,0,14.658,1,129,2447,47,Rust,false,14,Applications,System tools,17.000,0,0
nukesor/pueue,4631,49,20,9,2,10.581,0,2,3207,37,Rust,false,15,Applications,System tools,81.000,1,17
qarmin/czkawka,18178,471,196,93,11,25.910,0,109,1383,60,Rust,false,0,Applications,System tools,62.000,0,0
redox-os/ion,1442,4,2,2,0,2.774,1,68,3174,119,Rust,false,0,Applications,System tools,12.000,0,0
sharkdp/bat,47312,514,255,129,12,10.864,0,0,2247,334,Rust,false,30,Applications,System tools,100.000,5,15
sharkdp/fd,32305,434,226,122,10,13.434,0,1,2594,170,Rust,false,18,Applications,System tools,100.000,2,11
sitkevij/hex,501,7,5,2,1,13.972,0,165,2286,11,Rust,false,3,Applications,System tools,22.000,0,0
supercilex/fuc,309,4,3,1,0,12.945,2,1,936,4,Rust,false,0,Applications,System tools,54.000,1,2
fujiapple852/trippy,3142,89,54,8,1,28.326,0,0,810,11,Rust,false,10,Applications,System tools,100.000,3,52
uutils/coreutils,17019,109,40,16,3,6.405,0,1,3970,491,Rust,false,186,Applications,System tools,100.000,10,90
watchexec/watchexec,5011,81,39,16,0,16.164,1,31,2827,64,Rust,false,5,Applications,System tools,46.000,0,0
XAMPPRocky/tokei,10411,180,79,37,7,17.289,0,33,3308,258,Rust,false,25,Applications,System tools,68.000,0,0
ynqa/jnv,4518,141,99,30,2,31.208,0,13,89,6,Rust,false,8,Applications,System tools,86.000,1,17
ynqa/sig,478,478,77,27,0,1000.000,1,2,22,3,Rust,false,11,Applications,System tools,100.000,3,43
BinChengZhao/delicate,682,14,6,6,0,20.528,2,756,1210,2,Rust,false,0,Applications,Task scheduling,21.000,0,0
emacs-ng/emacs-ng,1638,16,5,3,0,9.768,1,44,1392,956,Emacs Lisp,false,0,Applications,Text editors,22.000,0,0
gchp/iota,1618,6,1,1,1,3.708,0,1753,3538,21,Rust,false,10,Applications,Text editors,22.000,0,0
helix-editor/helix,30890,660,302,132,21,21.366,0,0,1476,863,Rust,false,3,Applications,Text editors,100.000,25,33
ilai-deutel/kibi,1394,10,5,1,0,7.174,1,118,1587,21,Rust,false,1,Applications,Text editors,12.000,0,0
lapce/lapce,33391,364,144,67,12,10.901,0,1,2321,167,Rust,false,45,Applications,Text editors,100.000,6,72
mathall/rim,602,2,1,1,0,3.322,1,1246,3425,3,Rust,false,13,Applications,Text editors,12.000,0,0
curlpipe/ox,3246,16,6,2,2,4.929,0,1301,1418,9,Rust,false,10,Applications,Text editors,31.000,0,0
zed-industries/zed,36209,2060,998,495,70,56.892,0,0,1212,384,Rust,false,242,Applications,Text editors,100.000,87,448
ashvardanian/StringZilla,1853,39,19,10,1,21.047,0,49,1401,22,C++,false,0,Applications,Text processing,41.000,0,0
pemistahl/grex,6957,116,46,11,0,16.674,1,58,1715,9,Rust,false,8,Applications,Text processing,46.000,0,0
Lisprez/so_stupid_search,161,2,1,1,0,12.422,4,514,2997,4,Rust,false,4,Applications,Text processing,12.000,0,0
yoav-lavi/melody,4607,14,6,5,1,3.039,0,335,853,12,Rust,false,0,Applications,Text processing,31.000,0,0
phiresky/ripgrep-all,6360,154,55,27,2,24.214,0,14,1838,24,Rust,false,41,Applications,Text processing,72.000,2,3
replicadse/complate,35,0,0,0,0,0.000,40,185,1601,2,Rust,false,18,Applications,Text processing,0.000,0,0
your-tools/ruplacer,416,3,2,1,0,7.212,1,42,2411,12,Rust,false,6,Applications,Text processing,18.000,0,0
sstadick/hck,683,2,0,0,0,2.928,17,61,1087,8,Rust,false,17,Applications,Text processing,4.000,0,0
vishaltelangre/ff,329,0,0,0,0,0.000,52,1536,1940,1,Rust,false,8,Applications,Text processing,0.000,0,0
whitfin/runiq,206,1,1,1,0,4.854,3,127,2239,3,Rust,false,10,Applications,Text processing,10.000,0,0
1History/1History,426,6,0,0,0,14.085,18,82,875,2,JavaScript,false,0,Applications,Utilities,4.000,0,0
brycx/checkpwn,119,0,0,0,0,0.000,31,284,2213,5,Rust,false,8,Applications,Utilities,0.000,0,0
AchetaGames/Epic-Asset-Manager,359,16,9,6,0,44.568,1,5,1211,6,Rust,false,28,Applications,Utilities,53.000,3,10
evansmurithi/cloak,280,3,2,1,1,10.714,0,648,2164,3,Rust,false,9,Applications,Utilities,22.000,0,0
fcsonline/tmux-thumbs,871,14,6,3,0,16.073,5,452,1958,24,Rust,false,6,Applications,Utilities,21.000,0,0
guoxbin/dtool,364,1,1,1,0,2.747,5,270,1654,5,Rust,false,30,Applications,Utilities,10.000,0,0
thewh1teagle/mobslide,330,6,3,0,0,18.182,7,23,210,2,TypeScript,false,0,Applications,Utilities,19.000,2,2
pvolok/mprocs,1375,24,13,5,0,17.455,1,3,1020,17,Rust,false,0,Applications,Utilities,61.000,2,11
nix-community/nix-init,764,19,10,4,0,24.869,1,117,514,9,Rust,false,39,Applications,Utilities,21.000,0,0
nix-community/nix-melt,200,8,2,2,0,40.000,1,117,417,7,Rust,false,13,Applications,Utilities,12.000,0,0
yaa110/nomino,550,5,3,3,1,9.091,0,9,1521,3,Rust,false,9,Applications,Utilities,44.000,1,2
raftario/licensor,192,1,1,0,0,5.208,10,503,1731,4,Rust,false,6,Applications,Utilities,5.000,0,0
aaronriekenberg/rust-parallel,116,8,4,1,0,68.966,4,6,572,3,Rust,false,11,Applications,Utilities,44.000,1,5
rustdesk/rustdesk,66024,1414,628,302,35,21.416,0,0,1356,258,Rust,false,37,Applications,Utilities,100.000,15,126
Skallwar/suckit,716,3,1,0,0,4.190,10,102,1691,19,Rust,false,14,Applications,Utilities,7.000,0,0
shshemi/tabiew,108,79,12,9,0,731.482,2,3,49,3,Rust,false,7,Applications,Utilities,65.000,3,29
tversteeg/emplace,249,0,0,0,0,0.000,30,5,1742,8,Rust,false,19,Applications,Utilities,36.000,4,12
thewh1teagle/vibe,329,154,44,13,2,468.085,0,3,160,6,TypeScript,false,0,Applications,Utilities,90.000,3,336
warpdotdev/Warp,19968,930,733,641,32,46.575,0,45,1073,18,,false,0,Applications,Utilities,76.000,0,0
alvaro17f/wrestic,76,3,2,0,0,39.474,10,54,316,2,Rust,false,17,Applications,Utilities,13.000,0,0
gyroflow/gyroflow,6265,106,49,29,3,16.919,0,1,947,26,Rust,false,40,Applications,Video,100.000,3,48
harlanc/xiu,1567,47,25,11,1,29.994,0,7,1399,15,Rust,false,0,Applications,Video,62.000,3,10
TGotwig/vidmerger,109,1,1,0,0,9.174,13,20,1471,2,Rust,false,11,Applications,Video,17.000,1,6
xiph/rav1e,3616,32,12,10,1,8.850,0,10,2456,121,Assembly,false,0,Applications,Video,57.000,4,6
containers/youki,5935,89,33,13,1,14.996,0,1,1176,120,Rust,false,0,Applications,Virtualization,100.000,8,24
firecracker-microvm/firecracker,24400,220,107,57,8,9.016,0,1,2431,250,Rust,false,0,Applications,Virtualization,100.000,8,36
kata-containers/kata-containers,5070,121,50,29,7,23.866,0,1,2383,353,Rust,false,0,Applications,Virtualization,100.000,37,259
tailhook/vagga,1856,2,0,0,0,1.078,16,732,3602,34,Rust,false,40,Applications,Virtualization,4.000,0,0
cfal/tobaru,166,4,4,4,0,24.096,2,292,1153,2,Rust,false,18,Applications,Web,12.000,0,0
LemmyNet/lemmy,12909,97,44,26,1,7.514,0,0,1948,238,Rust,false,71,Applications,Web,100.000,8,76
libreddit/libreddit,5007,28,8,4,1,5.592,0,44,1404,84,Rust,false,22,Applications,Web,41.000,0,0
MASQ-Project/Node,167,1,0,0,0,5.988,18,17,1164,17,Rust,false,0,Applications,Web,14.000,2,3
Plume-org/Plume,2076,7,2,1,0,3.372,1,360,2247,65,Rust,false,30,Applications,Web,12.000,0,0
revoltchat/backend,1073,15,3,1,0,13.979,3,0,1096,21,Rust,false,0,Applications,Web,72.000,1,20
cloudflare/pingora,20039,420,213,126,19,20.959,0,1,407,100,Rust,false,10,Applications,Web Servers,100.000,10,35
emanuele-em/proxelar,364,8,2,1,0,21.978,3,54,513,8,Rust,false,0,Applications,Web Servers,18.000,0,0
mu-arch/skyfolder,113,2,0,0,0,17.699,18,250,393,1,Rust,false,14,Applications,Web Servers,4.000,0,0
mufeedvh/binserve,969,12,8,6,2,12.384,0,119,1353,9,Rust,false,23,Applications,Web Servers,31.000,0,0
orhun/rustypaste,704,13,8,5,0,18.466,1,0,1054,21,Rust,false,30,Applications,Web Servers,77.000,3,17
ronanyeah/rust-hasura,139,0,0,0,0,0.000,137,789,1769,1,Rust,false,13,Applications,Web Servers,0.000,0,0
static-web-server/static-web-server,1269,61,22,13,0,48.069,1,0,1748,30,Rust,false,33,Applications,Web Servers,90.000,2,22
svenstaro/miniserve,5719,75,36,15,3,13.114,0,2,2242,52,Rust,false,39,Applications,Web Servers,96.000,2,12
thecoshman/http,438,3,2,0,0,6.849,9,12,2742,9,Rust,false,21,Applications,Web Servers,37.000,1,112
TheWaWaR/simple-http-server,2502,36,17,10,4,14.388,0,90,2576,21,Rust,false,21,Applications,Web Servers,35.000,0,0
wyhaya/see,203,2,1,1,0,9.852,2,429,1926,4,Rust,false,16,Applications,Web Servers,12.000,0,0
Julien-cpsn/ATAC,1197,84,42,18,2,70.175,0,19,131,9,Rust,false,34,Development tools,,62.000,2,6
Canop/bacon,1555,83,27,11,1,53.376,0,12,1325,24,Rust,false,16,Development tools,,62.000,2,7
clog-tool/clog-cli,836,3,2,2,1,3.589,0,2652,3564,18,Rust,false,5,Development tools,,22.000,0,0
comtrya/comtrya,464,8,4,3,2,17.241,0,2,1199,25,Rust,false,0,Development tools,,62.000,1,1
Wulf/create-rust-app,1483,20,7,5,0,13.486,1,26,1134,9,Rust,false,0,Development tools,,31.000,1,1
dan-t/rusty-tags,402,4,1,1,0,9.950,3,102,3478,20,Rust,false,12,Development tools,,12.000,0,0
datanymizer/datanymizer,496,8,2,1,0,16.129,4,178,1299,8,Rust,false,0,Development tools,,12.000,0,0
dotenv-linter/dotenv-linter,1777,14,5,3,1,7.878,0,57,1659,90,Rust,false,3,Development tools,,32.000,0,0
envio-cli/envio,756,14,5,3,3,18.519,0,68,453,6,Rust,false,18,Development tools,,26.000,0,0
FrolicOrg/Frolic,179,1,0,0,0,5.587,18,306,325,2,Rust,false,0,Development tools,,2.000,0,0
brocode/fw,523,2,2,2,0,3.824,3,14,2641,14,Rust,false,18,Development tools,,24.000,2,2
geiger-rs/cargo-geiger,1351,28,12,4,1,20.725,0,87,2187,33,Rust,false,0,Development tools,,35.000,0,0
orhun/git-cliff,7853,137,81,35,7,17.446,0,0,1112,61,Rust,false,6,Development tools,,100.000,9,45
rksm/hot-lib-reloader-rs,560,25,13,2,0,44.643,3,47,685,5,Rust,false,8,Development tools,,31.000,0,0
lasantosr/intelli-shell,197,3,0,0,0,15.228,17,238,512,3,Rust,false,21,Development tools,,4.000,0,0
casey/just,18223,607,311,147,17,33.310,0,1,2921,158,Rust,false,34,Development tools,,100.000,9,79
jacobdeichert/mask,1019,15,2,2,0,14.720,3,20,1806,14,Rust,false,0,Development tools,,28.000,1,2
fiatjaf/module-linker,250,0,0,0,0,0.000,30,1170,3034,6,JavaScript,false,9,Development tools,,0.000,0,0
dalance/ptags,125,0,0,0,0,0.000,30,12,2287,4,Rust,false,11,Development tools,,26.000,3,12
racer-rust/racer,3359,1,1,0,0,0.298,13,799,3757,168,Rust,false,10,Development tools,,5.000,0,0
huhu/rust-search-extension,1182,12,3,3,1,10.152,0,0,2054,27,JavaScript,false,0,Development tools,,86.000,2,37
rust-lang/rustup,5993,81,49,23,4,13.516,0,0,3186,392,Rust,false,53,Development tools,,100.000,8,184
igor-petruk/scriptisto,872,271,111,28,5,310.780,0,7,1698,10,Rust,false,15,Development tools,,86.000,5,14
frewsxcv/cargo-all-features,132,4,2,2,0,30.303,2,272,1483,8,Rust,false,4,Development tools,Build system,12.000,0,0
cargo-generate/cargo-generate,1841,34,22,11,0,18.468,1,39,2209,86,Rust,false,33,Development tools,Build system,36.000,0,0
dtolnay/cargo-expand,2488,35,20,7,1,14.068,0,30,2933,12,Rust,false,15,Development tools,Build system,41.000,0,0
Devolutions/CMakeRust,167,1,1,1,0,5.988,5,828,2671,136,CMake,false,0,Development tools,Build system,10.000,0,0
SiegeLord/RustCMake,109,0,0,0,0,0.000,94,3159,3821,3,CMake,false,0,Development tools,Build system,0.000,0,0
icepuma/rust-action,78,0,0,0,0,0.000,160,381,1968,2,Dockerfile,false,0,Development tools,Build system,0.000,0,0
peaceiris/actions-mdbook,284,6,3,2,2,21.127,0,68,1662,2,TypeScript,false,0,Development tools,Build system,22.000,0,0
nix-community/fenix,599,22,11,4,0,36.728,1,7,1260,18,Nix,false,0,Development tools,Build system,55.000,2,23
cs01/gdbgui,9738,40,20,12,1,4.108,0,241,2789,43,TypeScript,false,0,Development tools,Debugging,35.000,0,0
emk/rust-musl-builder,1527,10,4,3,0,6.549,2,42,2981,17,Dockerfile,false,0,Development tools,Deployment,18.000,0,0
kpcyrd/mini-docker-rust,204,2,1,1,0,9.804,4,160,2605,4,Dockerfile,false,0,Development tools,Deployment,12.000,0,0
liuchong/docker-rustup,93,1,1,1,0,10.753,2,1054,2983,2,Dockerfile,false,0,Development tools,Deployment,10.000,0,0
LukeMathWalker/cargo-chef,1592,52,24,9,2,32.663,0,25,1335,57,Rust,false,13,Development tools,Deployment,50.000,1,1
rust-cross/rust-musl-cross,589,11,6,5,0,18.676,3,14,2439,11,Shell,false,0,Development tools,Deployment,33.000,2,4
rust-lang/docker-rust,423,8,3,2,1,18.913,0,2,2510,23,Dockerfile,false,0,Development tools,Deployment,64.000,2,6
Stavrospanakakis/is_ready,122,3,0,0,0,24.590,18,44,356,2,Rust,false,2,Development tools,Deployment,10.000,0,0
emk/heroku-buildpack-rust,519,2,1,0,0,3.854,7,1886,3670,14,Shell,false,0,Development tools,Deployment,7.000,0,0
avr-rust/ruduino,692,3,2,1,0,4.335,4,717,2901,6,Rust,false,5,Development tools,Embedded,12.000,0,0
japaric/rust-cross,2486,7,1,0,0,2.816,7,2459,3068,7,Shell,false,0,Development tools,Embedded,7.000,0,0
japaric/xargo,1087,4,3,2,0,3.680,1,730,3003,27,Rust,false,9,Development tools,Embedded,12.000,0,0
oreboot/oreboot,1502,13,8,5,1,8.655,0,12,1930,434,Rust,false,0,Development tools,Embedded,53.000,1,7
nrf-rs/nrf-hal,479,6,3,2,0,12.526,3,18,2123,63,Rust,false,0,Development tools,Embedded,32.000,4,30
mozilla/cbindgen,2250,29,17,10,4,12.889,0,12,2621,128,Rust,false,11,Development tools,FFI,61.000,8,15
Sean1708/rusty-cheddar,191,0,0,0,0,0.000,39,2177,3169,5,Rust,false,3,Development tools,FFI,0.000,0,0
Cysharp/csbindgen,593,19,10,5,1,32.040,0,59,475,17,Rust,false,0,Development tools,FFI,37.000,0,0
dtolnay/cxx,5626,73,42,18,3,12.975,0,1,1633,57,Rust,false,2,Development tools,FFI,100.000,2,23
rust-lang/rust-bindgen,4197,52,24,14,3,12.390,0,25,2915,356,Rust,false,0,Development tools,FFI,50.000,1,1
rusterlium/rustler,4213,46,15,13,0,10.919,1,7,3224,74,Rust,false,0,Development tools,FFI,51.000,3,15
benanders/rjni,72,0,0,0,0,0.000,59,2735,3480,1,Rust,false,1,Development tools,FFI,0.000,0,0
drrb/java-rust-example,335,0,0,0,0,0.000,75,2495,3894,1,Java,false,0,Development tools,FFI,0.000,0,0
jcmoyer/rust-lua53,158,1,1,1,0,6.329,4,211,3509,15,C,false,0,Development tools,FFI,10.000,0,0
lilyball/rust-lua,126,0,0,0,0,0.000,160,1607,3846,4,Rust,false,1,Development tools,FFI,0.000,0,0
mlua-rs/mlua,1405,66,29,14,2,46.975,0,3,1660,28,Rust,false,11,Development tools,FFI,72.000,1,2
tomaka/hlua,501,4,2,1,0,7.984,1,60,3663,19,C,false,0,Development tools,FFI,12.000,0,0
anima-engine/mrusty,205,0,0,0,0,0.000,70,2615,3053,5,Rust,false,1,Development tools,FFI,0.000,0,0
infinyon/node-bindgen,487,7,6,3,0,14.374,2,9,1594,29,Rust,false,4,Development tools,FFI,39.000,2,4
neon-bindings/neon,7831,42,21,6,0,5.363,2,12,3192,71,Rust,false,0,Development tools,FFI,56.000,1,16
zhangyuang/node-ffi-rs,111,15,12,5,0,135.135,1,0,334,3,Rust,false,9,Development tools,FFI,81.000,1,29
SSheldon/rust-objc,381,3,0,0,0,7.874,17,1492,3653,11,Rust,false,3,Development tools,FFI,4.000,0,0
phper-framework/phper,262,5,1,0,0,19.084,12,109,1648,6,Rust,false,6,Development tools,FFI,7.000,0,0
dgrunwald/rust-cpython,1800,5,4,1,0,2.778,4,257,3449,46,Rust,false,6,Development tools,FFI,12.000,0,0
getsentry/milksnake,788,2,1,0,0,2.538,11,431,2447,22,Python,false,0,Development tools,FFI,7.000,0,0
PyO3/PyO3,11323,204,89,46,5,18.016,0,1,2591,314,Rust,false,22,Development tools,FFI,100.000,13,32
RustPython/RustPython,17977,286,64,27,6,15.909,0,19,2210,380,Rust,false,62,Development tools,FFI,74.000,6,10
d-unsed/ruru,827,1,0,0,0,1.209,20,2371,3114,11,Rust,false,2,Development tools,FFI,2.000,0,0
danielpclark/rutie,916,6,3,2,0,6.550,2,181,2188,25,Rust,false,2,Development tools,FFI,12.000,0,0
rhysd/wain,414,9,2,1,0,21.739,3,49,1580,5,Rust,false,5,Development tools,FFI,18.000,0,0
rustwasm/wasm-bindgen,7397,75,30,11,1,10.139,0,3,2371,437,Rust,false,4,Development tools,FFI,72.000,5,6
rustwasm/wasm-pack,6037,73,35,18,3,12.092,0,91,2315,134,Rust,false,24,Development tools,FFI,50.000,0,0
dprint/dprint,3035,62,39,27,4,20.428,0,7,1827,35,Rust,false,0,Development tools,Formatters,72.000,1,7
jinxdash/prettier-plugin-rust,171,1,1,1,1,5.848,0,386,690,1,Rust,false,0,Development tools,Formatters,20.000,0,0
rust-lang/rustfmt,5832,51,23,12,1,8.745,0,12,3388,489,Rust,false,23,Development tools,Formatters,62.000,5,5
eclipse-corrosion/corrosion,217,0,0,0,0,0.000,30,15,2385,14,Java,false,0,Development tools,IDEs,12.000,1,10
racer-rust/emacs-racer,399,1,0,0,0,2.506,16,1197,3210,32,Emacs Lisp,false,0,Development tools,IDEs,2.000,0,0
flycheck/flycheck-rust,119,0,0,0,0,0.000,96,39,3594,20,Emacs Lisp,false,0,Development tools,IDEs,6.000,0,0
rust-lang/rust-mode,1093,12,5,2,1,10.979,0,26,3426,122,Emacs Lisp,false,0,Development tools,IDEs,38.000,2,2
brotzeit/rustic,708,7,3,2,0,9.887,4,486,2382,123,Emacs Lisp,false,0,Development tools,IDEs,12.000,0,0
intellij-rust/intellij-rust,4526,11,4,0,0,2.430,7,155,3195,176,Kotlin,false,0,Development tools,IDEs,11.000,0,0
lapce/lapce,33391,364,144,67,12,10.901,0,1,2321,167,Rust,false,45,Development tools,IDEs,100.000,6,72
madeso/ride,172,0,0,0,0,0.000,57,94,3424,1,C++,false,0,Development tools,IDEs,0.000,0,0
rust-lang/rust-enhanced,772,3,2,1,1,3.886,0,54,3811,11,Python,false,0,Development tools,IDEs,28.000,0,0
autozimu/LanguageClient-neovim,3546,2,1,1,0,0.564,3,739,2682,118,Rust,false,25,Development tools,IDEs,12.000,0,0
Saecki/crates.nvim,787,14,5,2,0,17.789,1,3,1026,15,Lua,false,0,Development tools,IDEs,52.000,1,14
rust-lang/rust.vim,3813,23,10,4,1,6.032,0,566,3426,146,Vim Script,false,0,Development tools,IDEs,35.000,0,0
racer-rust/vim-racer,627,0,0,0,0,0.000,58,1169,3196,50,Vim Script,false,0,Development tools,IDEs,0.000,0,0
ZoeyR/rls-vs2017,110,0,0,0,0,0.000,160,1842,2384,2,C#,false,0,Development tools,IDEs,0.000,0,0
PistonDevelopers/VisualRust,701,0,0,0,0,0.000,104,2568,3595,138,C#,false,0,Development tools,IDEs,0.000,0,0
serayuzgur/crates,233,5,2,2,1,21.459,0,142,2232,21,TypeScript,false,0,Development tools,IDEs,22.000,0,0
bencherdev/bencher,437,40,21,10,1,91.533,0,0,1421,9,MDX,false,0,Development tools,Profiling,100.000,3,183
bheisler/criterion.rs,4239,48,24,13,3,11.323,0,75,3673,108,Rust,false,22,Development tools,Profiling,40.000,0,0
koute/bytehound,4366,507,26,11,3,116.125,0,323,1857,8,C,false,0,Development tools,Profiling,40.000,0,0
nvzqz/divan,806,33,12,7,1,40.943,0,21,352,6,Rust,false,7,Development tools,Profiling,47.000,3,3
ellisonch/rust-stopwatch,80,0,0,0,0,0.000,160,2398,3455,6,Rust,false,1,Development tools,Profiling,0.000,0,0
llogiq/flame,688,2,1,1,0,2.907,6,1110,3168,17,Rust,false,5,Development tools,Profiling,12.000,0,0
mrhooray/torch,131,0,0,0,0,0.000,92,2400,3218,2,Perl,false,0,Development tools,Profiling,0.000,0,0
sharkdp/hyperfine,20540,392,162,62,8,19.085,0,14,2345,96,Rust,false,12,Development tools,Profiling,74.000,1,2
deps-rs/deps.rs,419,5,2,0,0,11.933,8,17,2333,19,Sass,false,0,Development tools,Services,19.000,2,4
facebookexperimental/mirai,976,10,6,2,0,10.246,2,210,2048,28,Rust,false,0,Development tools,Static analysis,17.000,0,0
japaric/trust,1251,0,0,0,0,0.000,32,1661,2817,12,Shell,false,0,Development tools,Testing,0.000,0,0
AlKass/polish,52,0,0,0,0,0.000,160,511,2604,2,Rust,false,3,Development tools,Testing,0.000,0,0
wfxr/rlt,119,6,2,1,0,50.420,1,49,84,2,Rust,false,22,Development tools,Testing,18.000,0,0
cksac/fake-rs,835,18,11,3,0,21.557,2,38,2908,43,Rust,false,0,Development tools,Testing,27.000,0,0
alexliesenfeld/httpmock,434,5,1,0,0,11.521,11,37,1741,19,Rust,false,25,Development tools,Testing,13.000,0,0
rust-fuzz/afl.rs,1587,14,9,3,0,8.822,2,5,3356,44,Rust,false,0,Development tools,Testing,53.000,3,10
BayesWitnesses/m2cgen,2737,19,3,1,0,6.942,5,619,1981,12,Python,false,0,Development tools,Transpiling,16.000,0,0
immunant/c2rust,3743,38,20,9,1,10.152,0,1,2249,62,Rust,false,0,Development tools,Transpiling,77.000,1,2
jameysharp/corrode,2142,1,1,1,0,0.467,1,2621,2963,21,Haskell,false,0,Development tools,Transpiling,10.000,0,0
larksuite/perf-monitor-rs,195,1,1,0,0,5.128,7,353,1153,5,Rust,false,2,Libraries,,5.000,0,0
innoave/genevo,167,3,1,1,0,17.964,5,825,2550,3,Rust,false,5,Libraries,Artificial Intelligence,12.000,0,0
m-decoster/RsGenetic,76,0,0,0,0,0.000,84,1240,3108,8,Rust,false,2,Libraries,Artificial Intelligence,0.000,0,0
Martin1887/oxigen,161,1,0,0,0,6.211,17,1203,2130,3,Rust,false,0,Libraries,Artificial Intelligence,2.000,0,0
pkalivas/radiate,146,3,1,1,1,20.548,0,879,1672,5,Rust,false,0,Libraries,Artificial Intelligence,22.000,0,0
willi-kappler/darwin-rs,114,2,1,1,0,17.544,3,705,3091,4,Rust,false,3,Libraries,Artificial Intelligence,12.000,0,0
autumnai/leaf,5556,4,2,2,0,0.720,4,2344,3155,14,Rust,false,9,Libraries,Artificial Intelligence,12.000,0,0
tracel-ai/burn,7555,325,141,50,4,43.018,0,1,698,114,Rust,false,81,Libraries,Artificial Intelligence,100.000,21,64
coreylowman/dfdx,1657,38,10,7,0,22.933,1,142,978,39,Rust,false,6,Libraries,Artificial Intelligence,25.000,0,0
huggingface/tokenizers,8609,109,50,24,1,12.661,0,4,1688,239,Rust,false,0,Libraries,Artificial Intelligence,82.000,5,5
LaurentMazare/tch-rs,3981,85,45,19,2,21.351,0,43,1946,75,Rust,false,15,Libraries,Artificial Intelligence,56.000,0,0
maciejkula/rustlearn,610,0,0,0,0,0.000,41,1456,3117,8,Rust,false,4,Libraries,Artificial Intelligence,0.000,0,0
rust-ml/linfa,3495,61,28,13,2,17.454,0,77,2263,46,Rust,false,9,Libraries,Artificial Intelligence,40.000,0,0
smartcorelib/smartcore,665,11,6,3,0,16.541,3,103,1866,20,Rust,false,8,Libraries,Artificial Intelligence,21.000,0,0
tensorflow/rust,5072,48,31,13,1,9.464,0,196,3054,57,Rust,false,11,Libraries,Artificial Intelligence,50.000,0,0
cds-astro/aladin-lite,93,3,1,1,0,32.258,3,1,2474,13,JavaScript,false,9,Libraries,Astronomy,58.000,5,16
saurvs/astro-rust,258,1,0,0,0,3.876,28,2171,3144,5,Rust,false,0,Libraries,Astronomy,2.000,0,0
dpc/mioco,145,0,0,0,0,0.000,101,1924,2613,4,Rust,false,8,Libraries,Asynchronous,0.000,0,0
tokio-rs/mio,6139,48,29,19,2,7.819,0,1,3587,231,Rust,false,1,Libraries,Asynchronous,90.000,1,39
rust-lang/futures-rs,5272,28,14,7,1,5.311,0,44,2999,348,Rust,false,0,Libraries,Asynchronous,41.000,0,0
TeaEntityLab/fpRust,115,0,0,0,0,0.000,58,1029,2175,2,Rust,false,2,Libraries,Asynchronous,0.000,0,0
tokio-rs/tokio,25186,302,128,65,16,11.991,0,0,2836,810,Rust,false,0,Libraries,Asynchronous,100.000,24,38
Xudong-Huang/may,1829,89,37,5,1,48.660,0,11,2641,9,Rust,false,10,Libraries,Asynchronous,72.000,1,2
zonyitoo/coio-rs,454,0,0,0,0,0.000,39,2122,3225,8,Rust,false,11,Libraries,Asynchronous,0.000,0,0
jhasse/ears,89,0,0,0,0,0.000,56,1524,3834,1,Rust,false,2,Libraries,Audio and Music,0.000,0,0
musitdev/portmidi-rs,75,0,0,0,0,0.000,160,338,3808,15,Rust,false,0,Libraries,Audio and Music,0.000,0,0
ozankasikci/rust-music-theory,617,1,1,1,0,1.621,1,751,1613,7,Rust,false,5,Libraries,Audio and Music,10.000,0,0
pdeljanov/Symphonia,2174,43,20,9,0,19.779,1,97,1940,40,Rust,false,0,Libraries,Audio and Music,25.000,0,0
RustAudio/cpal,2485,45,12,8,1,18.109,0,34,3474,148,Rust,false,1,Libraries,Audio and Music,41.000,0,0
RustAudio/rodio,1642,30,11,7,0,18.270,1,9,3251,94,Rust,false,8,Libraries,Audio and Music,51.000,2,17
RustAudio/rust-portaudio,367,2,2,1,0,5.450,1,41,3936,50,Rust,false,4,Libraries,Audio and Music,18.000,0,0
Keats/jsonwebtoken,1588,26,10,5,0,16.373,1,71,3149,74,Rust,false,5,Libraries,Authentication,25.000,0,0
ramosbugs/oauth2-rs,856,18,8,5,0,21.028,1,39,3636,55,Rust,false,12,Libraries,Authentication,27.000,0,0
HeroicKatora/oxide-auth,645,15,5,3,0,23.256,1,13,2390,25,Rust,false,0,Libraries,Authentication,42.000,2,18
sgrust01/jwtvault,67,0,0,0,0,0.000,160,1482,1583,3,Rust,false,9,Libraries,Authentication,0.000,0,0
dermesser/yup-oauth2,210,2,0,0,0,9.524,22,1,3397,55,Rust,false,20,Libraries,Authentication,54.000,5,26
aisk/rust-memcache,128,2,1,0,0,15.625,8,72,3993,17,Rust,false,6,Libraries,Caching,7.000,0,0
al8n/stretto,401,1,1,1,0,2.494,3,43,1054,11,Rust,false,14,Libraries,Caching,16.000,0,0
jaemk/cached,1426,30,13,8,3,21.038,0,3,2632,46,Rust,false,17,Libraries,Caching,67.000,2,3
moka-rs/moka,1404,34,13,6,0,24.217,1,7,1532,17,Rust,false,16,Libraries,Caching,51.000,2,13
zkat/cacache-rs,493,23,8,4,0,46.653,3,1,1853,17,Rust,false,19,Libraries,Caching,67.000,2,2
awslabs/aws-sdk-rust,2903,42,18,9,1,14.468,0,1,1160,146,Rust,false,0,Libraries,Cloud,85.000,5,74
rusoto/rusoto,2724,10,5,3,0,3.671,2,783,3259,167,Rust,false,0,Libraries,Cloud,12.000,0,0
bparli/convey,333,0,0,0,0,0.000,69,1094,1999,4,Rust,false,19,Libraries,Cloud,0.000,0,0
Qovery/engine,2240,16,8,3,0,7.143,1,101,1333,6,Rust,false,74,Libraries,Cloud,21.000,0,0
ivanceras/titik,120,0,0,0,0,0.000,48,841,1561,1,Rust,false,9,Libraries,Command-line,0.000,0,0
dropbox/rust-brotli,792,5,3,1,0,6.313,5,19,2982,34,Rust,false,4,Libraries,Compression,32.000,2,21
ende76/brotli-rs,64,2,0,0,0,31.250,27,1531,3160,6,Rust,false,0,Libraries,Compression,4.000,0,0
alexcrichton/bzip2-rs,93,0,0,0,0,0.000,39,527,3554,21,C,false,0,Libraries,Compression,0.000,0,0
rust-lang/flate2-rs,845,11,6,3,0,13.018,2,47,3621,98,Rust,false,6,Libraries,Compression,27.000,0,0
alexcrichton/tar-rs,608,7,5,1,0,11.513,5,11,3621,65,Rust,false,1,Libraries,Compression,34.000,4,8
gyscos/zstd-rs,471,9,5,4,2,19.108,0,22,3039,48,Rust,false,1,Libraries,Compression,34.000,2,3
mikkyang/rust-blas,82,0,0,0,0,0.000,160,3023,3598,6,Rust,false,2,Libraries,Computation,0.000,0,0
calebwin/emu,1597,7,5,1,0,4.383,1,1177,1906,8,Rust,false,0,Libraries,Computation,12.000,0,0
dimforge/nalgebra,3798,43,18,7,0,11.322,2,3,4050,196,Rust,false,34,Libraries,Computation,57.000,2,2
GuillaumeGomez/rust-GSL,189,0,0,0,0,0.000,34,76,3610,21,Rust,false,2,Libraries,Computation,0.000,0,0
blas-lapack-rs/lapack,81,1,1,1,0,12.346,1,1154,3540,8,Rust,false,3,Libraries,Computation,10.000,0,0
arrayfire/arrayfire-rust,811,6,5,2,2,7.398,0,475,3316,34,Rust,false,5,Libraries,Computation,22.000,0,0
autumnai/collenchyma,474,1,1,0,0,2.110,8,2988,3132,9,Rust,false,8,Libraries,Computation,5.000,0,0
luqmana/rust-opencl,170,1,1,0,0,5.882,8,2716,4256,14,Rust,false,2,Libraries,Computation,5.000,0,0
cpmech/russell,85,9,5,3,0,105.882,2,12,1091,1,Rust,false,0,Libraries,Computation,42.000,1,31
indigits/scirust,262,0,0,0,0,0.000,40,1821,3527,5,Rust,false,0,Libraries,Computation,0.000,0,0
statrs-dev/statrs,538,18,7,3,2,33.457,0,2,3018,38,Rust,false,4,Libraries,Computation,81.000,7,54
crossbeam-rs/crossbeam,6944,75,36,17,2,10.801,0,22,3321,136,Rust,false,5,Libraries,Concurrency,62.000,2,4
rayon-rs/rayon,10456,133,55,25,2,12.720,0,44,3544,134,Rust,false,3,Libraries,Concurrency,66.000,0,0
rustcc/coroutine-rs,413,0,0,0,0,0.000,39,1021,3398,20,Rust,false,3,Libraries,Concurrency,0.000,0,0
zonyitoo/coio-rs,454,0,0,0,0,0.000,39,2122,3225,8,Rust,false,11,Libraries,Concurrency,0.000,0,0
softprops/envy,811,10,8,4,1,12.330,0,8,2910,15,Rust,false,1,Libraries,Configuration,49.000,2,10
arkworks-rs/circom-compat,224,2,1,0,0,8.929,8,325,1055,20,Rust,false,21,Libraries,Cryptography,7.000,0,0
briansmith/ring,3623,38,21,10,1,10.489,0,1,3251,263,Assembly,false,0,Libraries,Cryptography,90.000,5,43
briansmith/webpki,456,3,0,0,0,6.579,17,118,3215,18,Rust,false,2,Libraries,Cryptography,4.000,0,0
DaGenix/rust-crypto,1375,6,2,1,0,4.364,2,2839,3903,50,Rust,false,4,Libraries,Cryptography,12.000,0,0
dalek-cryptography/curve25519-dalek,844,9,6,1,0,10.664,5,12,2746,104,Rust,false,0,Libraries,Cryptography,37.000,1,1
dalek-cryptography/ed25519-dalek,668,5,2,0,0,7.485,8,308,2746,42,Rust,false,8,Libraries,Cryptography,7.000,0,0
dalek-cryptography/x25519-dalek,326,3,2,0,0,9.202,8,308,2468,24,Rust,false,4,Libraries,Cryptography,7.000,0,0
debris/tiny-keccak,191,1,1,1,0,5.236,2,1465,3123,13,Rust,false,1,Libraries,Cryptography,10.000,0,0
facebook/opaque-ke,280,6,5,4,0,21.429,1,150,1473,124,Rust,false,14,Libraries,Cryptography,12.000,0,0
iddm/randomorg,8,0,0,0,0,0.000,160,193,2545,2,Rust,false,6,Libraries,Cryptography,0.000,0,0
klutzy/suruga,124,0,0,0,0,0.000,46,3071,3653,6,Rust,false,4,Libraries,Cryptography,0.000,0,0
kornelski/rust-security-framework,228,4,1,0,0,17.544,11,25,3222,50,Rust,false,0,Libraries,Cryptography,19.000,2,2
libOctavo/octavo,140,0,0,0,0,0.000,160,2436,3246,10,Rust,false,4,Libraries,Cryptography,0.000,0,0
orion-rs/orion,537,2,1,1,0,3.724,1,25,2321,14,Rust,false,6,Libraries,Cryptography,24.000,1,2
RustCrypto/hashes,1730,37,16,9,0,21.387,1,19,2766,71,Rust,false,0,Libraries,Cryptography,37.000,2,3
rustls/rustls,5630,79,41,25,3,14.032,0,1,2966,142,Rust,false,0,Libraries,Cryptography,100.000,7,115
sfackler/rust-native-tls,462,7,4,2,0,15.152,5,19,2982,37,Rust,false,0,Libraries,Cryptography,24.000,2,4
sfackler/rust-openssl,1338,11,4,2,0,8.221,1,39,3822,349,Rust,false,0,Libraries,Cryptography,22.000,0,0
w3f/schnorrkel,304,5,0,0,0,16.447,17,47,2042,26,Rust,false,14,Libraries,Cryptography,10.000,0,0
amv-dev/yata,300,7,4,1,0,23.333,3,100,1367,8,Rust,false,1,Libraries,Data processing,12.000,0,0
rust-ndarray/ndarray,3403,55,24,14,2,16.162,0,19,3603,92,Rust,false,10,Libraries,Data processing,52.000,3,10
kernelmachine/utah,142,1,0,0,0,7.042,19,2153,2827,2,Rust,false,8,Libraries,Data processing,2.000,0,0
pola-rs/polars,27188,650,321,169,13,23.908,0,0,1494,419,Rust,false,90,Libraries,Data processing,100.000,37,377
weld-project/weld,2987,5,2,2,0,1.674,1,1533,2925,43,Rust,false,0,Libraries,Data processing,12.000,0,0
ArroyoSystems/arroyo,3396,70,32,13,1,20.612,0,3,442,17,Rust,false,20,Libraries,Data streaming,86.000,2,16
infinyon/fluvio,2741,61,31,12,2,22.255,0,0,1751,62,Rust,false,126,Libraries,Data streaming,100.000,5,28
ashvardanian/SimSIMD,770,31,12,5,0,40.260,1,16,459,18,C,false,0,Libraries,Data structures,45.000,2,30
danielpclark/array_tool,76,1,1,1,0,13.158,3,763,3160,3,Rust,false,0,Libraries,Data structures,10.000,0,0
fizyk20/generic-array,399,3,0,0,0,7.519,16,80,3187,38,Rust,false,5,Libraries,Data structures,4.000,0,0
mrhooray/kdtree-rs,218,2,1,1,0,9.174,5,134,3245,16,Rust,false,4,Libraries,Data structures,12.000,0,0
RoaringBitmap/roaring-rs,704,15,13,3,0,21.307,5,8,3459,64,Rust,false,3,Libraries,Data structures,47.000,3,20
rust-itertools/itertools,2588,38,14,5,2,14.683,0,1,3610,155,Rust,false,1,Libraries,Data structures,77.000,3,6
milliams/plotlib,462,2,2,2,0,4.329,1,794,2655,12,Rust,false,2,Libraries,Data visualization,12.000,0,0
plotly/plotly.rs,993,21,9,2,0,21.148,1,3,1602,113,Rust,false,0,Libraries,Data visualization,57.000,6,8
plotters-rs/plotters,3635,76,43,30,2,20.908,0,10,1879,85,Rust,false,0,Libraries,Data visualization,72.000,2,8
rerun-io/rerun,5532,234,105,58,11,42.299,0,1,799,52,Rust,false,201,Libraries,Data visualization,100.000,10,120
saresend/Gust,131,1,0,0,0,7.634,19,2325,2447,4,Rust,false,4,Libraries,Data visualization,2.000,0,0
krojew/cdrs-tokio,131,4,2,1,0,30.534,1,26,1307,33,Rust,false,7,Libraries,Database,24.000,2,3
Metaswitch/cassandra-rs,128,5,2,0,0,39.062,8,85,2560,42,Rust,false,8,Libraries,Database,7.000,0,0
softprops/dynomite,214,0,0,0,0,0.000,43,927,2306,13,Rust,false,0,Libraries,Database,0.000,0,0
driftluo/InfluxDBClient-rs,82,0,0,0,0,0.000,87,740,2561,15,Rust,false,5,Libraries,Database,0.000,0,0
skade/leveldb,182,1,1,0,0,5.495,8,1364,3738,8,Rust,false,3,Libraries,Database,5.000,0,0
seladb/pickledb-rs,249,1,0,0,0,4.016,28,509,1986,7,Rust,false,5,Libraries,Database,2.000,0,0
PoloDB/PoloDB,796,21,10,7,2,26.382,0,11,1414,11,Rust,false,0,Libraries,Database,55.000,1,1
cberner/redb,3006,60,28,15,2,19.960,0,0,2092,20,Rust,false,2,Libraries,Database,92.000,2,5
redis-rs/redis-rs,3492,38,20,10,0,10.882,1,1,3821,187,Rust,false,0,Libraries,Database,75.000,8,43
rust-rocksdb/rust-rocksdb,1751,18,13,4,1,10.280,0,8,3499,167,Rust,false,3,Libraries,Database,53.000,1,5
surrealdb/surrealdb,25936,314,175,97,10,12.107,0,1,919,107,Rust,false,42,Libraries,Database,100.000,11,49
zitsen/unqlite.rs,109,0,0,0,0,0.000,99,1290,3100,8,Rust,false,2,Libraries,Database,0.000,0,0
Brendonovich/prisma-client-rust,1727,42,21,10,0,24.320,1,37,1118,37,Rust,false,15,Libraries,Database,36.000,0,0
diesel-rs/diesel,12156,152,67,29,4,12.504,0,1,3213,342,Rust,false,0,Libraries,Database,100.000,10,85
ivanceras/rustorm,250,2,1,1,0,8.000,2,1198,2376,6,Rust,false,25,Libraries,Database,12.000,0,0
njord-rs/njord,261,7,1,0,0,26.820,9,3,434,5,Rust,false,0,Libraries,Database,47.000,3,34
rbatis/rbatis,2172,28,14,8,0,12.891,1,13,1927,23,Rust,false,13,Libraries,Database,55.000,1,24
SeaQL/sea-orm,6509,141,68,38,4,21.662,0,8,1222,202,Rust,false,20,Libraries,Database,90.000,4,24
SeaQL/seaography,353,11,3,2,0,31.161,1,43,734,9,Rust,false,6,Libraries,Database,22.000,0,0
sfackler/r2d2,1458,14,6,3,0,9.602,3,331,3603,29,Rust,false,3,Libraries,Database,21.000,0,0
launchbadge/sqlx,12225,245,117,65,6,20.041,0,0,1631,399,Rust,false,18,Libraries,Database,100.000,14,31
SeaQL/sea-query,1048,25,11,7,1,23.855,0,12,1278,83,Rust,false,14,Libraries,Database,57.000,2,3
SeaQL/sea-schema,178,5,3,3,0,28.090,2,41,1189,17,Rust,false,7,Libraries,Database,18.000,0,0
prisma/tiberius,303,4,2,2,0,13.201,3,9,1542,52,Rust,false,30,Libraries,Database,32.000,1,1
AgilData/mysql-proxy-rs,193,1,0,0,0,5.181,23,2804,2838,8,Rust,false,5,Libraries,Database,2.000,0,0
rusqlite/rusqlite,2834,57,28,14,2,20.113,0,23,3511,111,Rust,false,13,Libraries,Database,52.000,2,7
chronotope/chrono,3189,43,20,9,0,13.484,1,2,3732,204,Rust,false,5,Libraries,Date and time,67.000,6,7
time-rs/time,1041,23,10,7,4,22.094,0,17,3505,67,Rust,false,19,Libraries,Date and time,47.000,2,2
kafka-rust/kafka-rust,1173,20,13,7,1,17.050,0,229,3327,22,Rust,false,11,Libraries,Distributed systems,31.000,0,0
aya-rs/aya,2830,103,59,21,1,36.396,0,1,1242,70,Rust,false,44,Libraries,eBPF,100.000,4,10
libbpf/libbpf-rs,668,14,5,3,0,20.958,1,3,1525,74,Rust,false,0,Libraries,eBPF,56.000,4,28
gsquire/sendgrid-rs,103,1,0,0,0,9.709,26,86,3176,31,Rust,false,6,Libraries,Email,2.000,0,0
jdrouet/catapulte,136,1,0,0,0,7.353,29,45,1484,4,Rust,false,16,Libraries,Email,8.000,0,0
jdrouet/jolimail,133,1,0,0,0,7.519,17,511,1486,4,TypeScript,false,0,Libraries,Email,2.000,0,0
jdrouet/mrml,313,4,1,0,0,12.780,11,1,1496,12,HTML,false,0,Libraries,Email,49.000,4,9
lettre/lettre,1742,27,10,5,3,15.499,0,4,3785,82,Rust,false,36,Libraries,Email,67.000,2,3
mailtutan/mailtutan,159,6,2,2,0,37.736,6,116,399,4,Rust,false,2,Libraries,Email,12.000,0,0
meli/meli,622,13,7,3,1,20.900,0,7,1832,13,Rust,false,0,Libraries,Email,61.000,3,38
tweedegolf/mailcrab,667,6,4,1,0,8.996,6,11,603,16,Rust,false,0,Libraries,Email,34.000,2,2
alex/rust-asn1,96,0,0,0,0,0.000,32,3,3255,8,Rust,false,1,Libraries,Encoding,32.000,2,3
bincode-org/bincode,2570,28,16,12,2,10.895,0,18,3560,98,Rust,false,3,Libraries,Encoding,45.000,1,1
mongodb/bson-rust,383,1,1,1,0,2.611,2,10,3356,559,Rust,false,16,Libraries,Encoding,32.000,2,3
BurntSushi/byteorder,944,6,3,2,0,6.356,5,75,3420,50,Rust,false,0,Libraries,Encoding,12.000,0,0
capnproto/capnproto-rust,1973,15,7,3,0,7.603,3,14,3999,79,Rust,false,0,Libraries,Encoding,37.000,2,13
lifthrasiir/rust-encoding,283,1,0,0,0,3.534,28,2531,3974,34,Rust,false,6,Libraries,Encoding,2.000,0,0
mrhooray/crc-rs,181,1,0,0,0,5.525,29,68,3380,19,Rust,false,1,Libraries,Encoding,2.000,0,0
BurntSushi/rust-csv,1627,13,7,4,0,7.990,1,249,3738,49,Rust,false,4,Libraries,Encoding,21.000,0,0
frol/flatc-rust,105,2,0,0,0,19.048,18,126,1978,5,Rust,false,1,Libraries,Encoding,4.000,0,0
servo/html5ever,2025,28,20,13,0,13.827,1,10,3748,119,Rust,false,0,Libraries,Encoding,47.000,1,3
3Hren/msgpack-rust,1096,16,4,0,0,14.599,7,46,3375,46,Rust,false,0,Libraries,Encoding,17.000,0,0
stepancheg/rust-protobuf,2707,36,13,4,0,13.299,2,111,3975,123,Rust,false,0,Libraries,Encoding,25.000,0,0
tokio-rs/prost,3606,67,30,18,1,18.580,0,5,2559,174,Rust,false,0,Libraries,Encoding,76.000,9,19
ron-rs/ron,3182,41,22,14,1,12.885,0,4,3344,61,Rust,false,6,Libraries,Encoding,70.000,1,1
toml-rs/toml,643,16,8,4,0,24.883,2,2,2542,133,Rust,false,0,Libraries,Encoding,67.000,2,16
Florob/RustyXML,102,0,0,0,0,0.000,50,1014,3975,3,Rust,false,1,Libraries,Encoding,0.000,0,0
media-io/yaserde,172,2,1,1,0,11.628,3,11,2259,28,Rust,false,0,Libraries,Encoding,34.000,2,4
netvl/xml-rs,459,0,0,0,0,0.000,121,76,3661,62,Rust,false,0,Libraries,Encoding,0.000,0,0
shepmaster/sxd-document,152,0,0,0,0,0.000,129,1522,3500,11,Rust,false,2,Libraries,Encoding,0.000,0,0
shepmaster/sxd-xpath,118,0,0,0,0,0.000,104,999,3500,10,Rust,false,3,Libraries,Encoding,0.000,0,0
tafia/quick-xml,1119,13,5,3,2,11.618,0,1,3062,97,Rust,false,6,Libraries,Encoding,76.000,5,45
chyh1990/yaml-rust,598,1,1,0,0,1.672,13,1069,3309,31,Rust,false,1,Libraries,Encoding,5.000,0,0
webdesus/fs_extra,238,4,1,0,0,16.807,13,498,2685,12,Rust,false,0,Libraries,Filesystem,7.000,0,0
Stebalien/tempfile,1097,17,4,3,1,15.497,0,36,3352,60,Rust,false,2,Libraries,Filesystem,32.000,0,0
JasonShin/fp-core.rs,1313,13,7,5,1,9.901,0,1632,1844,11,Rust,false,0,Libraries,Functional Programming,31.000,0,0
myrrlyn/tap,374,11,9,9,0,29.412,1,1219,1371,1,Rust,false,0,Libraries,Functional Programming,21.000,0,0
SiegeLord/RustAllegro,95,0,0,0,0,0.000,63,20,4083,6,Rust,false,0,Libraries,Game development,12.000,1,2
ozkriff/awesome-quads,171,7,4,3,1,40.936,0,64,1234,14,,false,0,Libraries,Game development,22.000,0,0
rofrol/awesome-wgpu,403,7,4,3,0,17.370,2,1396,1615,3,,false,0,Libraries,Game development,12.000,0,0
amethyst/specs,2435,18,11,7,1,7.392,0,8,2993,112,Rust,false,12,Libraries,Game development,53.000,2,2
amethyst/legion,1590,13,6,3,0,8.176,4,986,1926,71,Rust,false,15,Libraries,Game development,21.000,0,0
bevyengine/bevy,33209,604,295,155,18,18.188,0,0,1610,980,Rust,false,1,Libraries,Game development,100.000,79,210
ggez/ggez,4147,23,9,4,0,5.546,2,341,3059,191,Rust,false,23,Libraries,Game development,25.000,0,0
Ruddle/oxidator,292,1,0,0,0,3.425,17,1566,1715,1,Rust,false,26,Libraries,Game development,2.000,0,0
unrust/unrust,374,0,0,0,0,0.000,55,2134,2329,4,Rust,false,17,Libraries,Game development,0.000,0,0
brson/rust-sdl,178,0,0,0,0,0.000,135,3308,4508,40,Rust,false,3,Libraries,Game development,0.000,0,0
Rust-SDL2/rust-sdl2,2639,21,14,5,0,7.958,2,0,3955,300,Rust,false,6,Libraries,Game development,85.000,5,44
jeremyletang/rust-sfml,624,6,4,2,1,9.615,0,5,4035,42,Rust,false,5,Libraries,Game development,54.000,2,8
tomassedovic/tcod-rs,229,0,0,0,0,0.000,94,1232,3651,30,C,false,0,Libraries,Game development,0.000,0,0
iddm/toornament-rs,4,0,0,0,0,0.000,135,193,2571,2,Rust,false,5,Libraries,Game development,0.000,0,0
maplibre/martin,1969,50,22,13,1,25.394,0,2,2450,44,Rust,false,57,Libraries,Geospatial,90.000,4,36
gx0r/rrgeo,118,1,0,0,0,8.475,17,71,3089,4,Rust,false,0,Libraries,Geospatial,2.000,0,0
neo4j-labs/graph,357,5,4,2,0,14.006,3,208,1100,8,Rust,false,47,Libraries,Graph algorithms,12.000,0,0
petgraph/petgraph,2734,48,20,8,1,17.557,0,38,3463,104,Rust,false,6,Libraries,Graph algorithms,41.000,0,0
RazrFalcon/rustybuzz,471,8,6,5,1,16.985,0,1,1616,17,Rust,false,9,Libraries,Graphics,77.000,4,87
redox-os/rusttype,605,5,1,0,0,8.264,11,465,3053,32,Rust,false,5,Libraries,Graphics,7.000,0,0
gfx-rs/gfx,5345,8,4,0,0,1.497,9,1047,3887,255,Rust,false,0,Libraries,Graphics,7.000,0,0
gfx-rs/wgpu,11350,266,105,47,9,23.436,0,1,2102,415,Rust,false,91,Libraries,Graphics,100.000,21,62
brendanzab/gl-rs,678,1,1,1,0,1.475,5,1499,4168,72,Rust,false,0,Libraries,Graphics,10.000,0,0
glium/glium,3427,21,9,4,0,6.128,1,90,3543,172,Rust,false,8,Libraries,Graphics,25.000,0,0
PistonDevelopers/glfw-rs,640,7,4,2,0,10.938,5,1,4292,207,Rust,false,7,Libraries,Graphics,58.000,2,12
fschutt/printpdf,774,11,4,2,0,14.212,1,94,2594,43,Rust,false,9,Libraries,Graphics,16.000,0,0
J-F-Liu/lopdf,1528,25,14,6,0,16.361,1,54,2742,53,Rust,false,16,Libraries,Graphics,31.000,0,0
kaj/rust-pdf,143,0,0,0,0,0.000,44,859,3187,1,Rust,false,2,Libraries,Graphics,0.000,0,0
autopilot-rs/autopilot-rs,368,3,1,0,0,8.152,11,325,2258,17,Rust,false,4,Libraries,GUI,7.000,0,0
servo/core-foundation-rs,943,21,9,4,1,22.269,0,19,4307,177,Rust,false,0,Libraries,GUI,47.000,4,7
dioxuslabs/dioxus,19073,471,227,87,6,24.695,0,3,1248,230,Rust,false,66,Libraries,GUI,100.000,15,43
emilk/egui,20449,426,180,81,16,20.832,0,2,1980,405,Rust,false,35,Libraries,GUI,100.000,17,67
emoon/rust_minifb,970,11,5,3,0,11.340,2,3,3128,69,Rust,false,1,Libraries,GUI,48.000,2,6
fltk-rs/fltk-rs,1550,30,16,3,0,19.355,2,4,1696,40,Rust,false,0,Libraries,GUI,61.000,3,14
cunarist/rinf,1650,151,72,26,2,91.515,0,0,486,19,Dart,false,0,Libraries,GUI,100.000,4,151
flutter-rs/flutter-rs,2101,3,1,1,1,1.428,0,1402,2013,11,Rust,false,0,Libraries,GUI,22.000,0,0
fzyzcjy/flutter_rust_bridge,3676,82,38,19,2,22.307,0,0,986,98,Dart,false,0,Libraries,GUI,100.000,6,4083
fschutt/azul,5833,19,9,4,0,3.257,3,17,2342,37,Rust,false,0,Libraries,GUI,31.000,1,1
gtk-rs/gtk4-rs,1717,38,17,12,1,22.132,0,0,1860,155,Rust,false,25,Libraries,GUI,95.000,9,37
antoyo/relm,2411,3,1,1,0,1.244,2,57,2683,39,Rust,false,8,Libraries,GUI,18.000,0,0
imgui-rs/imgui-rs,2584,27,8,5,0,10.449,1,8,3226,112,Rust,false,0,Libraries,GUI,47.000,3,7
KISS-UI/kiss-ui,342,0,0,0,0,0.000,97,2308,3338,10,Rust,false,2,Libraries,GUI,0.000,0,0
ivanceras/sauron-native,631,1,0,0,0,1.585,24,1164,1787,2,Rust,false,20,Libraries,GUI,2.000,0,0
rust-native-ui/libui-rs,926,0,0,0,0,0.000,30,520,2349,21,Rust,false,0,Libraries,GUI,0.000,0,0
snuk182/nuklear-rust,357,2,1,1,0,5.602,3,1335,2833,3,Rust,false,2,Libraries,GUI,12.000,0,0
redox-os/orbtk,3778,5,2,1,0,1.323,6,611,3106,50,Rust,false,0,Libraries,GUI,12.000,0,0
cyndis/qmlrs,435,0,0,0,0,0.000,71,2994,3472,8,Rust,false,1,Libraries,GUI,0.000,0,0
woboq/qmetaobject-rs,614,10,4,1,1,16.287,0,108,2201,41,Rust,false,0,Libraries,GUI,22.000,0,0
rise-ui/rise,72,0,0,0,0,0.000,133,1954,2278,4,Rust,false,24,Libraries,GUI,0.000,0,0
saurvs/nfd-rs,155,1,0,0,0,6.452,18,1912,3026,5,Rust,false,0,Libraries,GUI,2.000,0,0
sciter-sdk/rust-sciter,802,3,1,0,0,3.741,11,845,3022,20,Rust,false,2,Libraries,GUI,7.000,0,0
tauri-apps/tauri,78991,1148,545,262,46,14.533,0,2,1799,367,Rust,false,0,Libraries,GUI,100.000,22,75
tauri-apps/wry,3319,67,35,9,0,20.187,2,3,1434,89,Rust,false,0,Libraries,GUI,80.000,10,22
linebender/xilem,3090,168,99,35,2,54.369,0,1,577,162,Rust,false,18,Libraries,GUI,100.000,6,31
abonander/img_hash,297,1,0,0,0,3.367,25,1138,3497,10,Rust,false,5,Libraries,Image processing,2.000,0,0
image-rs/image,4732,68,22,6,0,14.370,1,13,3674,299,Rust,false,18,Libraries,Image processing,52.000,3,5
image-rs/imageproc,711,14,4,0,0,19.691,7,3,3184,90,Rust,false,12,Libraries,Image processing,51.000,6,36
rust-cv/cv,782,17,8,4,2,21.739,0,331,1533,11,Rust,false,0,Libraries,Image processing,31.000,0,0
twistedfall/opencv-rust,1845,37,18,12,1,20.054,0,18,3350,41,Rust,false,4,Libraries,Image processing,51.000,2,11
shnewto/bnf,250,2,2,1,0,8.000,2,142,2428,13,Rust,false,8,Libraries,Language specification,12.000,0,0
estk/log4rs,955,9,2,0,0,9.424,7,75,3427,47,Rust,false,20,Libraries,Logging,7.000,0,0
rbatis/fast_log,214,3,2,2,1,14.019,0,98,1568,1,Rust,false,12,Libraries,Logging,22.000,0,0
rust-lang/log,2088,22,14,6,3,10.536,0,75,3472,120,Rust,false,4,Libraries,Logging,35.000,0,0
seanmonstar/pretty-env-logger,470,6,5,3,1,12.766,0,394,2796,18,Rust,false,2,Libraries,Logging,22.000,0,0
slog-rs/slog,1553,11,4,2,0,7.083,1,162,2925,55,Rust,false,3,Libraries,Logging,16.000,0,0
tokio-rs/tracing,5069,91,43,27,7,17.952,0,21,1982,304,Rust,false,0,Libraries,Logging,64.000,4,4
mattgathu/cute,336,1,0,0,0,2.976,18,1904,2527,2,Rust,false,0,Libraries,Macro,2.000,0,0
StardustDL/Linq-in-Rust,125,1,0,0,0,8.000,28,354,1951,3,Rust,false,0,Libraries,Macro,2.000,0,0
pulldown-cmark/pulldown-cmark,1960,21,11,5,3,10.714,0,5,3300,79,Rust,false,0,Libraries,Markup language,71.000,3,11
ivnsch/rust_android_ios,237,3,3,2,0,12.658,2,900,1775,2,Rust,false,2,Libraries,Mobile,12.000,0,0
Geal/rust_on_mobile,170,1,1,0,0,5.882,8,2876,2917,1,Objective-C,false,0,Libraries,Mobile,5.000,0,0
TimNN/cargo-lipo,520,7,5,1,0,13.462,1,19,3190,18,Rust,false,6,Libraries,Mobile,24.000,2,2
Covertness/coap-rs,201,0,0,0,0,0.000,32,67,3261,21,Rust,false,17,Libraries,Network programming,0.000,0,0
fussybeaver/bollard,764,20,14,9,4,26.178,0,34,2188,76,Rust,false,35,Libraries,Network programming,37.000,0,0
mattnenterprise/rust-ftp,179,2,1,1,0,11.173,1,984,3494,16,Rust,false,5,Libraries,Network programming,12.000,0,0
hyperium/tonic,9213,146,85,36,4,15.847,0,0,1772,235,Rust,false,0,Libraries,Network programming,100.000,11,40
tikv/grpc-rs,1783,7,3,1,0,3.926,5,40,2612,126,Rust,false,10,Libraries,Network programming,18.000,0,0
Orange-OpenSource/hurl,12096,304,90,41,4,25.132,0,0,1390,193,Rust,false,0,Libraries,Network programming,100.000,6,101
achanda/ipnetwork,119,2,0,0,0,16.807,17,45,3347,26,Rust,false,2,Libraries,Network programming,10.000,0,0
canndrew/netsim,134,2,1,0,0,14.925,8,1866,2360,3,Rust,false,19,Libraries,Network programming,7.000,0,0
actix/actix,8432,43,19,11,1,5.100,0,6,2463,144,Rust,false,0,Libraries,Network programming,67.000,4,10
dylanmckay/protocol,185,3,2,1,0,16.216,1,644,2835,5,Rust,false,0,Libraries,Network programming,12.000,0,0
libpnet/libpnet,2216,29,19,10,2,13.087,0,12,3576,127,Rust,false,6,Libraries,Network programming,65.000,4,25
smoltcp-rs/smoltcp,3613,37,18,8,0,10.241,1,19,2752,121,Rust,false,8,Libraries,Network programming,41.000,3,11
lemunozm/message-io,1054,14,8,4,0,13.283,2,5,1443,14,Rust,false,11,Libraries,Network programming,51.000,1,1
bytebeamio/rumqtt,1513,24,10,7,3,15.863,0,2,1705,89,Rust,false,0,Libraries,Network programming,77.000,8,9
thehydroimpulse/nanomsg.rs,386,0,0,0,0,0.000,39,226,3934,26,Rust,false,2,Libraries,Network programming,0.000,0,0
nats-io/nats.rs,970,17,9,4,0,17.526,1,19,1573,83,Rust,false,0,Libraries,Network programming,37.000,2,11
libp2p/rust-libp2p,4257,58,34,20,11,13.625,0,2,2640,299,Rust,false,60,Libraries,Network programming,100.000,16,62
aws/s2n-quic,1090,13,3,3,0,11.927,1,1,1451,57,Rust,false,0,Libraries,Network programming,66.000,4,27
cloudflare/quiche,9050,81,34,17,3,8.950,0,3,2086,130,Rust,false,0,Libraries,Network programming,82.000,5,6
mozilla/neqo,1782,14,4,3,0,7.856,1,5,1944,46,Rust,false,2,Libraries,Network programming,52.000,4,12
quinn-rs/quinn,3542,58,21,8,0,16.375,1,2,2265,117,Rust,false,0,Libraries,Network programming,80.000,7,41
Tencent/tquic,926,26,15,6,0,28.078,1,11,234,17,Rust,false,20,Libraries,Network programming,51.000,3,11
b23r0/rust-raknet,215,2,1,1,0,9.302,2,565,827,3,Rust,false,3,Libraries,Network programming,12.000,0,0
smallnest/rpcx-rs,123,0,0,0,0,0.000,33,94,1784,3,Rust,false,0,Libraries,Network programming,0.000,0,0
alexcrichton/ssh2-rs,465,3,2,1,0,6.452,5,58,3559,69,Rust,false,4,Libraries,Network programming,18.000,0,0
zslayton/stomp-rs,89,0,0,0,0,0.000,128,2171,3703,5,Rust,false,7,Libraries,Network programming,0.000,0,0
DefGuard/wireguard-rs,116,5,0,0,0,43.103,14,23,296,7,Rust,false,4,Libraries,Network programming,14.000,1,1
erickt/rust-zmq,885,8,5,4,0,9.040,1,511,4567,54,Rust,false,3,Libraries,Network programming,12.000,0,0
Folyd/robotstxt,83,0,0,0,0,0.000,59,1218,1536,1,Rust,false,0,Libraries,Parsing,0.000,0,0
freestrings/jsonpath,121,1,0,0,0,8.264,15,1012,1999,6,Rust,false,3,Libraries,Parsing,2.000,0,0
igumnoff/shiva,137,10,4,1,0,72.993,6,2,89,18,Rust,false,0,Libraries,Parsing,62.000,8,53
kevinmehall/rust-peg,1410,14,6,0,0,9.929,7,13,3954,50,Rust,false,2,Libraries,Parsing,36.000,1,1
lalrpop/lalrpop,2925,27,9,3,0,9.231,1,8,3291,142,Rust,false,4,Libraries,Parsing,47.000,3,7
m4rw3r/chomp,242,1,1,0,0,4.132,13,766,3135,8,Rust,false,7,Libraries,Parsing,5.000,0,0
Marwes/combine,1275,5,4,2,0,3.922,2,66,3442,56,Rust,false,11,Libraries,Parsing,12.000,0,0
pest-parser/pest,4453,57,23,13,4,12.800,0,45,2974,122,Rust,false,0,Libraries,Parsing,46.000,0,0
ptal/oak,141,0,0,0,0,0.000,107,1250,3632,6,Rust,false,4,Libraries,Parsing,0.000,0,0
replicadse/wavefront_rs,4,0,0,0,0,0.000,508,437,1511,2,Rust,false,0,Libraries,Parsing,0.000,0,0
rust-bakery/nom,9137,85,35,16,2,9.303,0,33,3492,343,Rust,false,1,Libraries,Parsing,56.000,0,0
s-panferov/queryst,71,0,0,0,0,0.000,88,399,3552,11,Rust,false,5,Libraries,Parsing,0.000,0,0
tree-sitter/tree-sitter,17019,339,145,80,6,19.919,0,5,3874,276,Rust,false,44,Libraries,Parsing,100.000,7,23
hannobraun/inotify-rs,251,5,3,2,0,19.920,2,127,3719,48,Rust,false,5,Libraries,Platform specific,12.000,0,0
nix-rust/nix,2556,20,8,4,1,7.825,0,4,3600,386,Rust,false,5,Libraries,Platform specific,71.000,6,29
bytecodealliance/rustix,1372,30,17,10,0,21.866,1,1,1370,86,Rust,false,5,Libraries,Platform specific,67.000,3,6
zargony/fuse-rs,1039,4,0,0,0,3.850,16,1417,3903,23,Rust,false,5,Libraries,Platform specific,4.000,0,0
retep998/winapi-rs,1813,10,4,2,0,5.516,1,952,3567,150,Rust,false,0,Libraries,Platform specific,12.000,0,0
rustq/3body-lang,166,5,2,2,0,30.120,1,36,493,8,Rust,false,3,Libraries,Scripting,18.000,0,0
fleabitdev/glsp,390,1,1,1,0,2.564,1,830,1465,3,Rust,false,0,Libraries,Scripting,10.000,0,0
gluon-lang/gluon,3138,23,13,5,0,7.330,1,182,3240,55,Rust,false,29,Libraries,Scripting,25.000,0,0
kcl-lang/kcl,1382,42,21,9,0,30.391,2,3,772,31,Rust,false,0,Libraries,Scripting,70.000,7,52
mun-lang/mun,1789,26,15,8,1,14.533,0,11,1792,20,Rust,false,0,Libraries,Scripting,55.000,1,1
murarth/ketos,747,2,1,1,0,2.677,1,1611,3050,8,Rust,false,9,Libraries,Scripting,12.000,0,0
PistonDevelopers/dyon,1736,8,6,5,1,4.608,0,108,3067,144,Rust,false,8,Libraries,Scripting,27.000,0,0
rhaiscript/rhai,3562,43,18,12,3,12.072,0,0,3029,51,Rust,false,20,Libraries,Scripting,81.000,1,14
rune-rs/rune,1609,37,16,9,0,22.996,1,1,1421,36,Rust,false,0,Libraries,Scripting,67.000,3,7
BinChengZhao/delay-timer,295,7,5,1,1,23.729,0,27,1475,5,Rust,false,15,Libraries,Task scheduling,34.000,1,2
sunng87/handlebars-rust,1215,11,5,4,0,9.053,1,0,3464,75,Rust,false,10,Libraries,Template engine,68.000,2,9
zzau13/yarte,278,2,1,1,0,7.194,2,320,1806,2,Rust,false,11,Libraries,Template engine,12.000,0,0
djc/askama,3200,76,34,16,3,23.750,0,1,2732,117,Rust,false,0,Libraries,Template engine,96.000,5,14
kaj/ructe,430,5,4,3,0,11.628,3,6,2830,13,Rust,false,7,Libraries,Template engine,48.000,1,13
Keats/tera,3292,56,27,9,0,17.011,1,17,3256,141,Rust,false,14,Libraries,Template engine,42.000,7,8
lambda-fairy/maud,1968,26,13,7,3,13.211,0,12,3468,51,Rust,false,0,Libraries,Template engine,55.000,1,1
Stebalien/horrorshow-rs,315,1,1,0,0,3.175,12,278,3332,10,Rust,false,0,Libraries,Template engine,5.000,0,0
rustache/rustache,210,0,0,0,0,0.000,182,2401,3557,13,Rust,false,3,Libraries,Template engine,0.000,0,0
BurntSushi/suffix,254,0,0,0,0,0.000,37,249,3458,6,Rust,false,0,Libraries,Text processing,0.000,0,0
BurntSushi/tabwriter,243,0,0,0,0,0.000,57,171,3569,11,Rust,false,1,Libraries,Text processing,0.000,0,0
probablykasper/cpc,117,2,2,1,0,17.094,4,154,1654,7,Rust,false,2,Libraries,Text processing,12.000,0,0
greyblake/whatlang-rs,958,4,2,1,0,4.175,1,91,2779,23,Rust,false,5,Libraries,Text processing,12.000,0,0
ps1dr3x/easy_reader,85,1,1,1,1,11.765,0,850,2239,3,Rust,false,2,Libraries,Text processing,20.000,0,0
rust-lang/regex,3391,30,18,10,2,8.847,0,6,3474,186,Rust,false,4,Libraries,Text processing,71.000,3,11
meilisearch/MeiliSearch,44174,596,309,158,15,13.492,0,5,2245,163,Rust,false,0,Libraries,Text search,100.000,8,85
nathanbabcock/ffmpeg-sidecar,189,2,0,0,0,10.582,26,62,492,7,Rust,false,1,Libraries,Video,4.000,0,0
beneills/quantum,264,2,0,0,0,7.576,22,2871,2889,1,Rust,false,2,Libraries,Virtualization,4.000,0,0
bytecodealliance/wasmtime,14732,167,73,39,3,11.336,0,1,2482,498,Rust,false,130,Libraries,Virtualization,100.000,25,111
oxidecomputer/propolis,169,1,0,0,0,5.917,20,1,1349,73,Rust,false,107,Libraries,Virtualization,44.000,3,5
saurvs/hypervisor-rs,60,0,0,0,0,0.000,59,2635,3004,1,Rust,false,1,Libraries,Virtualization,0.000,0,0
leptos-rs/leptos,15096,278,146,98,5,18.415,0,1,685,262,Rust,false,14,Libraries,Web programming,100.000,8,15
ivanceras/sauron,1928,9,3,1,0,4.668,3,14,1888,12,Rust,false,3,Libraries,Web programming,22.000,1,1
seed-rs/seed,3790,4,0,0,0,1.055,16,466,2023,57,Rust,false,15,Libraries,Web programming,4.000,0,0
alexcrichton/curl-rust,996,2,1,0,0,2.008,11,101,3664,108,Rust,false,3,Libraries,Web programming,7.000,0,0
async-graphql/async-graphql,3262,25,15,6,2,7.664,0,1,1567,215,Rust,false,52,Libraries,Web programming,85.000,5,29
ducaale/xh,4897,99,44,23,3,20.216,0,7,1374,38,Rust,false,34,Libraries,Web programming,72.000,3,8
graphql-rust/graphql-client,1119,8,4,3,0,7.149,2,81,2205,57,Rust,false,0,Libraries,Web programming,12.000,0,0
hyperium/hyper,14014,124,56,19,4,8.848,0,12,3577,377,Rust,false,16,Libraries,Web programming,82.000,4,8
seanmonstar/reqwest,9331,123,51,24,3,13.182,0,4,2907,316,Rust,false,12,Libraries,Web programming,96.000,4,13
actix/actix-web,20582,254,107,51,8,12.341,0,2,2450,368,Rust,false,0,Libraries,Web programming,100.000,12,66
saru-tora/anansi,112,1,1,1,0,8.929,6,438,635,2,Rust,false,0,Libraries,Web programming,10.000,0,0
danclive/sincere,96,0,0,0,0,0.000,102,1337,2699,4,Rust,false,16,Libraries,Web programming,0.000,0,0
GildedHonour/frank_jwt,250,0,0,0,0,0.000,158,204,3525,14,Rust,false,4,Libraries,Web programming,0.000,0,0
gotham-rs/gotham,2231,10,5,3,1,4.482,0,59,2520,52,Rust,false,0,Libraries,Web programming,28.000,0,0
graphul-rs/graphul,440,1,0,0,0,2.273,17,264,886,3,Rust,false,13,Libraries,Web programming,2.000,0,0
sunng87/handlebars-rust,1215,11,5,4,0,9.053,1,0,3464,75,Rust,false,10,Libraries,Web programming,68.000,2,9
hyperium/hyper,14014,124,56,19,4,8.848,0,12,3577,377,Rust,false,16,Libraries,Web programming,82.000,4,8
iron/iron,6123,4,2,1,0,0.653,3,1191,3658,133,Rust,false,0,Libraries,Web programming,12.000,0,0
graphql-rust/juniper,5596,36,13,9,2,6.433,0,10,2834,150,Rust,false,0,Libraries,Web programming,57.000,1,3
miketang84/sapper,617,1,1,0,0,1.621,10,1551,2978,5,Rust,false,6,Libraries,Web programming,5.000,0,0
poem-web/poem,3300,68,43,29,3,20.606,0,4,1039,97,Rust,false,28,Libraries,Web programming,82.000,5,7
rwf2/Rocket,23684,227,109,55,5,9.585,0,5,3012,296,Rust,false,0,Libraries,Web programming,96.000,6,20
rustless/rustless,616,1,0,0,0,1.623,28,2292,3554,16,Rust,false,18,Libraries,Web programming,2.000,0,0
salvo-rs/salvo,2847,82,41,17,2,28.802,0,1,1682,47,Rust,false,116,Libraries,Web programming,100.000,7,46
richerarc/saphir,90,0,0,0,0,0.000,112,32,2207,15,Rust,false,0,Libraries,Web programming,6.000,0,0
seanmonstar/warp,9280,103,60,38,5,11.099,0,71,2166,177,Rust,false,24,Libraries,Web programming,60.000,0,0
tiny-http/tiny-http,963,7,2,2,1,7.269,0,396,3624,44,Rust,false,9,Libraries,Web programming,22.000,0,0
tokio-rs/axum,17019,483,193,102,10,28.380,0,6,1112,331,Rust,false,0,Libraries,Web programming,94.000,4,9
tomaka/rouille,1087,11,4,1,0,10.120,3,5,3258,44,Rust,false,16,Libraries,Web programming,48.000,2,3
zino-rs/zino,683,37,18,5,2,54.173,0,0,535,5,Rust,false,0,Libraries,Web programming,91.000,1,17
cargonauts-rs/cargonauts,179,0,0,0,0,0.000,75,2520,2826,4,Rust,false,14,Libraries,Web programming,0.000,0,0
juhaku/utoipa,1971,81,33,19,1,41.096,0,16,989,87,Rust,false,0,Libraries,Web programming,66.000,2,18
pyrossh/rust-embed,1555,25,9,5,1,16.077,0,23,3121,54,Rust,false,13,Libraries,Web programming,47.000,3,4
thewh1teagle/rookie,102,7,6,1,0,68.627,4,35,263,5,Rust,false,0,Libraries,Web programming,23.000,0,0
softprops/openapi,125,1,0,0,0,8.000,18,1245,2707,10,Rust,false,7,Libraries,Web programming,2.000,0,0
cobalt-org/cobalt.rs,1342,11,8,1,0,8.197,5,11,3518,46,Rust,false,43,Libraries,Web programming,47.000,2,11
housleyjk/ws-rs,1458,4,4,2,0,2.743,2,302,3214,37,Rust,false,14,Libraries,Web programming,12.000,0,0
iddm/urlshortener-rs,49,1,1,1,0,20.408,2,32,2903,7,Rust,false,2,Libraries,Web programming,16.000,0,0
websockets-rs/rust-websocket,1492,17,8,4,0,11.394,1,272,3488,61,Rust,false,13,Libraries,Web programming,21.000,0,0
snapview/tungstenite-rs,1770,38,19,5,1,21.469,0,13,2647,71,Rust,false,16,Libraries,Web programming,57.000,2,4
vi/websocat,6672,97,42,16,1,14.538,0,37,2761,14,Rust,false,40,Libraries,Web programming,56.000,0,0
w4/chartered,129,0,0,0,0,0.000,79,602,1023,2,Rust,false,0,Registries,,0.000,0,0
TeXitoi/benchmarksgame-rs,68,0,0,0,0,0.000,42,1627,3444,10,Rust,false,0,Resources,,0.000,0,0
cognitive-engineering-lab/aquascope,1841,48,22,11,2,26.073,0,80,639,3,Rust,false,0,Resources,,40.000,0,0
jamesmunns/awesome-rust-streaming,682,3,1,0,0,4.399,7,790,1510,21,,false,0,Resources,,7.000,0,0
Dhghomon/easy_rust,7859,21,12,6,0,2.672,1,511,1436,47,Shell,false,0,Resources,,25.000,0,0
mre/idiomatic-rust,6071,94,38,11,1,15.483,0,36,2600,19,Rust,false,0,Resources,,56.000,0,0
cuppar/rtd,428,36,16,5,0,84.112,2,284,327,1,Rust,false,2,Resources,,25.000,0,0
ad-si/Rust-Flashcards,502,27,7,4,2,53.785,0,10,104,5,Rust,false,0,Resources,,57.000,2,4
warycat/rustgym,852,6,4,4,2,7.042,0,740,1817,5,Rust,false,0,Resources,,22.000,0,0
jondot/rust-how-do-i-start,1038,8,5,3,0,7.707,1,500,802,3,,false,0,Resources,,12.000,0,0
ctjhoa/rust-learning,11224,84,42,18,2,7.484,0,19,3327,111,,false,0,Resources,,62.000,5,9
rust-lang/rustlings,50647,905,376,166,23,17.869,0,17,3197,404,Rust,false,11,Resources,,77.000,2,2
AbdesamedBendjeddou/Rusty-CS,868,8,1,1,0,9.217,4,159,810,7,,false,0,Resources,,12.000,0,0
brson/stdx,2012,4,2,1,1,1.988,0,1951,3269,18,Rust,false,31,Resources,,22.000,0,0
rust-unofficial/patterns,7795,61,32,20,2,7.826,0,4,3167,97,Handlebars,false,0,Resources,,82.000,2,2
sger/RustBooks,4173,75,43,18,0,17.973,1,39,2877,36,,false,0,Resources,,46.000,0,0
rustviz/rustviz,2650,20,4,1,0,7.547,5,247,1349,13,HTML,false,0,Resources,,16.000,0,0
